Departname,DPT Code,Cadre Name,Cadre Code,Group,Type,Salary
ANAESTHESIA DEPARTMENT,ANA-ENT,Anesthesiologist,ANAESTST,NONSPECIALIST,FULLY_AUTOMATED,1200000
ANAESTHESIA DEPARTMENT,ANA-ENT,Assistant Medical Officer,AMO,NONSPECIALIST,FULLY_AUTOMATED,1200000
ANAESTHESIA DEPARTMENT,ANA-ENT,Medical Officer,MO,NONSPECIALIST,FULLY_AUTOMATED,1200000
ANAESTHESIA DEPARTMENT,ANA-ENT,Medical Attendant,MA,NONSPECIALIST,USER_ASSISTED,1200000
ANAESTHESIA DEPARTMENT,ANA-ENT,Anaesthetic Nurse,ANAESTN,NONSPECIALIST,FULLY_AUTOMATED,1200000
ANC Clinic,ANC-NIC,Assistance Nursing Officer,ANO,NONSPECIALIST,FULLY_AUTOMATED,1200000
ANC Clinic,ANC-NIC,Medical Attendant,MA,NONSPECIALIST,USER_ASSISTED,1200000
ANC Clinic,ANC-NIC,Nursing Officer,NO,NONSPECIALIST,FULLY_AUTOMATED,1200000
SEWAHAJI BLOCK-WARD 23 AND 24 (BURN AND DENTAL),SEW-AL,Assistance Nursing Officer,ANO,NONSPECIALIST,FULLY_AUTOMATED,1200000
SEWAHAJI BLOCK-WARD 23 AND 24 (BURN AND DENTAL),SEW-AL,Enrolled Nurse,EN,NONSPECIALIST,FULLY_AUTOMATED,1200000
SEWAHAJI BLOCK-WARD 23 AND 24 (BURN AND DENTAL),SEW-AL,Medical Attendant,MA,NONSPECIALIST,USER_ASSISTED,1200000
SEWAHAJI BLOCK-WARD 23 AND 24 (BURN AND DENTAL),SEW-AL,Nursing Officer,NO,NONSPECIALIST,FULLY_AUTOMATED,1200000
Dental Clinic and In patients (Oral health clinic),DEN-IC,Dental Technician,DT,NONSPECIALIST,USER_ASSISTED,1200000
Dental Clinic and In patients (Oral health clinic),DEN-IC,Maxillofacial Surgeon,MAXSG,NONSPECIALIST,FULLY_AUTOMATED,1200000
Dental Clinic and In patients (Oral health clinic),DEN-IC,Orthodontists,ORTHOST,NONSPECIALIST,FULLY_AUTOMATED,1200000
Dental Clinic and In patients (Oral health clinic),DEN-IC,Paediatric Dentists,PAEDNT,NONSPECIALIST,FULLY_AUTOMATED,1200000
Dental Clinic and In patients (Oral health clinic),DEN-IC,Restorative Dentist,RESTDNT,NONSPECIALIST,FULLY_AUTOMATED,1200000
Dental Clinic and In patients (Oral health clinic),DEN-IC,Radiographers,RADIPH,NONSPECIALIST,FULLY_AUTOMATED,1200000
Dental Clinic and In patients (Oral health clinic),DEN-IC,Personal Secretary,PS,NONSPECIALIST,USER_ASSISTED,1200000
Dental Clinic and In patients (Oral health clinic),DEN-IC,Office attendant,OFFATT,NONSPECIALIST,FULLY_AUTOMATED,1200000
Dental Clinic and In patients (Oral health clinic),DEN-IC,Nursing Officer,NO,NONSPECIALIST,FULLY_AUTOMATED,1200000
Dental Clinic and In patients (Oral health clinic),DEN-IC,Medical Attendant,MA,NONSPECIALIST,USER_ASSISTED,1200000
Dental Clinic and In patients (Oral health clinic),DEN-IC,Dental Officer,DO,NONSPECIALIST,USER_ASSISTED,1200000
Emergency Department,EME-ENT,Assistance Nursing Officer,ANO,NONSPECIALIST,FULLY_AUTOMATED,1200000
Emergency Department,EME-ENT,Medical Officer,MO,NONSPECIALIST,FULLY_AUTOMATED,1200000
Emergency Department,EME-ENT,Medical Attendant,MA,NONSPECIALIST,USER_ASSISTED,1200000
Emergency Department,EME-ENT,Nursing Officer,NO,NONSPECIALIST,FULLY_AUTOMATED,1200000
Emergency Department,EME-ENT,Specialist - Surgeon,SSGN,SPECIALIST,FULLY_AUTOMATED,1200000
Emergency Department,EME-ENT,Personal Secretary,PS,NONSPECIALIST,USER_ASSISTED,1200000
Emergency Department,EME-ENT,Specialist Emergency Medicine,SEM,SPECIALIST,FULLY_AUTOMATED,1200000
ENT,ENT,Assistance Nursing Officer,ANO,NONSPECIALIST,FULLY_AUTOMATED,1200000
ENT,ENT,Enrolled Nurse,EN,NONSPECIALIST,FULLY_AUTOMATED,1200000
ENT,ENT,Nursing Officer,NO,NONSPECIALIST,FULLY_AUTOMATED,1200000
ENT,ENT,Medical Attendant,MA,NONSPECIALIST,USER_ASSISTED,1200000
NPC I-GENERAL WARD A,NPC-D A,Assistance Nursing Officer,ANO,NONSPECIALIST,FULLY_AUTOMATED,1200000
NPC I-GENERAL WARD A,NPC-D A,Enrolled Nurse,EN,NONSPECIALIST,FULLY_AUTOMATED,1200000
NPC I-GENERAL WARD A,NPC-D A,Nursing Officer,NO,NONSPECIALIST,FULLY_AUTOMATED,1200000
NPC I-GENERAL WARD A,NPC-D A,Medical Attendant,MA,NONSPECIALIST,USER_ASSISTED,1200000
NPC I-GENERAL WARD B,NPC-D B,Assistance Nursing Officer,ANO,NONSPECIALIST,FULLY_AUTOMATED,1200000
NPC I-GENERAL WARD B,NPC-D B,Enrolled Nurse,EN,NONSPECIALIST,FULLY_AUTOMATED,1200000
NPC I-GENERAL WARD B,NPC-D B,Nursing Officer,NO,NONSPECIALIST,FULLY_AUTOMATED,1200000
NPC I-GENERAL WARD B,NPC-D B,Medical Attendant,MA,NONSPECIALIST,USER_ASSISTED,1200000
SEWAHAJI BLOCK-WARD 21 & 22 (GYNAECOLOGY),SEW-GY,Assistance Nursing Officer,ANO,NONSPECIALIST,FULLY_AUTOMATED,1200000
SEWAHAJI BLOCK-WARD 21 & 22 (GYNAECOLOGY),SEW-GY,Enrolled Nurse,EN,NONSPECIALIST,FULLY_AUTOMATED,1200000
SEWAHAJI BLOCK-WARD 21 & 22 (GYNAECOLOGY),SEW-GY,Nursing Officer,NO,NONSPECIALIST,FULLY_AUTOMATED,1200000
SEWAHAJI BLOCK-WARD 21 & 22 (GYNAECOLOGY),SEW-GY,Medical Attendant,MA,NONSPECIALIST,USER_ASSISTED,1200000
IPPM-PRIVATE,IPP-ATE,Assistance Nursing Officer,ANO,NONSPECIALIST,FULLY_AUTOMATED,1200000
IPPM-PRIVATE,IPP-ATE,Enrolled Nurse,EN,NONSPECIALIST,FULLY_AUTOMATED,1200000
IPPM-PRIVATE,IPP-ATE,Nursing Officer,NO,NONSPECIALIST,FULLY_AUTOMATED,1200000
IPPM-PRIVATE,IPP-ATE,Medical Attendant,MA,NONSPECIALIST,USER_ASSISTED,1200000
KANGAROO WARD,KAN-ARD,Assistance Nursing Officer,ANO,NONSPECIALIST,FULLY_AUTOMATED,1200000
KANGAROO WARD,KAN-ARD,Enrolled Nurse,EN,NONSPECIALIST,FULLY_AUTOMATED,1200000
KANGAROO WARD,KAN-ARD,Nursing Officer,NO,NONSPECIALIST,FULLY_AUTOMATED,1200000
KANGAROO WARD,KAN-ARD,Medical Attendant,MA,NONSPECIALIST,USER_ASSISTED,1200000
Laboratory Department,LAB-ENT,Assistant Laboratory Technologist,ALABTECH,NONSPECIALIST,FULLY_AUTOMATED,1200000
Laboratory Department,LAB-ENT,Clinical Chemist,CLCHEM,NONSPECIALIST,FULLY_AUTOMATED,1200000
Laboratory Department,LAB-ENT,Haematologist,HAEMST,NONSPECIALIST,FULLY_AUTOMATED,1200000
Laboratory Department,LAB-ENT,Histopathologist,HISTOST,NONSPECIALIST,FULLY_AUTOMATED,1200000
Laboratory Department,LAB-ENT,Laboratory Scientist,LABSCN,NONSPECIALIST,FULLY_AUTOMATED,1200000
Laboratory Department,LAB-ENT,Laboratory Technologist,LABTECH,NONSPECIALIST,FULLY_AUTOMATED,1200000
Laboratory Department,LAB-ENT,Microbiologist,MICROST,NONSPECIALIST,FULLY_AUTOMATED,1200000
Laboratory Department,LAB-ENT,Parasitologist,PARAST,NONSPECIALIST,FULLY_AUTOMATED,1200000
Laboratory Department,LAB-ENT,Pathologist,PAT,NONSPECIALIST,USER_ASSISTED,1200000
Makuti NHIF Clinic,MAK-NIC,Assistance Nursing Officer,ANO,NONSPECIALIST,FULLY_AUTOMATED,1200000
Makuti NHIF Clinic,MAK-NIC,Enrolled Nurse,EN,NONSPECIALIST,FULLY_AUTOMATED,1200000
Makuti NHIF Clinic,MAK-NIC,Nursing Officer,NO,NONSPECIALIST,FULLY_AUTOMATED,1200000
Makuti NHIF Clinic,MAK-NIC,Medical Attendant,MA,NONSPECIALIST,USER_ASSISTED,1200000
NUTRITION UNIT,NUT-NIT,Nutrition Officer,NUO,NONSPECIALIST,FULLY_AUTOMATED,1200000
OBSTETRICS /GYNECOLOGY CLINIC AND IN PATIENTS DEPT,OBS-EPT,Medical Officer,MO,NONSPECIALIST,FULLY_AUTOMATED,1200000
OBSTETRICS /GYNECOLOGY CLINIC AND IN PATIENTS DEPT,OBS-EPT,Obstetrician/Gynaecologist,OBS-GYN,NONSPECIALIST,FULLY_AUTOMATED,1200000
OBS. AND GYN THEATRE,OBS-TRE,Assistance Nursing Officer,ANO,NONSPECIALIST,FULLY_AUTOMATED,1200000
OBS. AND GYN THEATRE,OBS-TRE,Enrolled Nurse,EN,NONSPECIALIST,FULLY_AUTOMATED,1200000
OBS. AND GYN THEATRE,OBS-TRE,Nursing Officer,NO,NONSPECIALIST,FULLY_AUTOMATED,1200000
OBS. AND GYN THEATRE,OBS-TRE,Medical Attendant,MA,NONSPECIALIST,USER_ASSISTED,1200000
Mental Health & Rehabilitation - OPD Psychiatric Dept,MEN-EPT,Medical Officer,MO,NONSPECIALIST,FULLY_AUTOMATED,1200000
Mental Health & Rehabilitation - OPD Psychiatric Dept,MEN-EPT,Specialist (Super) - Psychiatrist,SSPSY,SPECIALIST,FULLY_AUTOMATED,1200000
Mental Health & Rehabilitation - OPD Psychiatric Dept,MEN-EPT,Specialist Psychiatrist,SPSY,SPECIALIST,FULLY_AUTOMATED,1200000
Mental Health & Rehabilitation - OPD Psychiatric Dept,MEN-EPT,Psychologist,PSYCO,NONSPECIALIST,FULLY_AUTOMATED,1200000
Mental Health & Rehabilitation - OPD Psychiatric Dept,MEN-EPT,Personal Secretary,PS,NONSPECIALIST,USER_ASSISTED,1200000
Mental Health & Rehabilitation - OPD Psychiatric Dept,MEN-EPT,Office Attendant,OFFATT,NONSPECIALIST,FULLY_AUTOMATED,1200000
Mental Health & Rehabilitation - OPD Psychiatric Dept,MEN-EPT,Occupational therapist,OCCTHP,NONSPECIALIST,FULLY_AUTOMATED,1200000
PSYCHIATRIC BLOCK (NURSES),PSY-ES,Assistance Nursing Officer,ANO,NONSPECIALIST,FULLY_AUTOMATED,1200000
PSYCHIATRIC BLOCK (NURSES),PSY-ES,Nursing Officer,NO,NONSPECIALIST,FULLY_AUTOMATED,1200000
PSYCHIATRIC BLOCK (NURSES),PSY-ES,Medical Attendant,MA,NONSPECIALIST,USER_ASSISTED,1200000
PAEDIATRIC BURN WARD,PAE-ARD,Assistance Nursing Officer,ANO,NONSPECIALIST,FULLY_AUTOMATED,1200000
PAEDIATRIC BURN WARD,PAE-ARD,Enrolled Nurse,EN,NONSPECIALIST,FULLY_AUTOMATED,1200000
PAEDIATRIC BURN WARD,PAE-ARD,Nursing Officer,NO,NONSPECIALIST,FULLY_AUTOMATED,1200000
PAEDIATRIC BURN WARD,PAE-ARD,Medical Attendant,MA,NONSPECIALIST,USER_ASSISTED,1200000
NPC I-PAEDIATRIC CLINIC,NPC-NIC,Assistance Nursing Officer,ANO,NONSPECIALIST,FULLY_AUTOMATED,1200000
NPC I-PAEDIATRIC CLINIC,NPC-NIC,Enrolled Nurse,EN,NONSPECIALIST,FULLY_AUTOMATED,1200000
NPC I-PAEDIATRIC CLINIC,NPC-NIC,Nursing Officer,NO,NONSPECIALIST,FULLY_AUTOMATED,1200000
NPC I-PAEDIATRIC CLINIC,NPC-NIC,Medical Attendant,MA,NONSPECIALIST,USER_ASSISTED,1200000
NPC I-PAEDIATRIC EEG CLINIC,NPC-NIC,Assistance Nursing Officer,ANO,NONSPECIALIST,FULLY_AUTOMATED,1200000
NPC I-PAEDIATRIC EYE CLINIC,NPC-NIC,Assistance Nursing Officer,ANO,NONSPECIALIST,FULLY_AUTOMATED,1200000
NPC I-PAEDIATRIC EYE CLINIC,NPC-NIC,Enrolled Nurse,EN,NONSPECIALIST,FULLY_AUTOMATED,1200000
PEDIATRIC EYE WARD,PED-ARD,Assistance Nursing Officer,ANO,NONSPECIALIST,FULLY_AUTOMATED,1200000
PEDIATRIC EYE WARD,PED-ARD,Enrolled Nurse,EN,NONSPECIALIST,FULLY_AUTOMATED,1200000
PEDIATRIC EYE WARD,PED-ARD,Nursing Officer,NO,NONSPECIALIST,FULLY_AUTOMATED,1200000
PEDIATRIC EYE WARD,PED-ARD,Medical Attendant,MA,NONSPECIALIST,USER_ASSISTED,1200000
PEDIATRIC GASTROENTEROLOGY WARD,PED-ARD,Assistance Nursing Officer,ANO,NONSPECIALIST,FULLY_AUTOMATED,1200000
PEDIATRIC GASTROENTEROLOGY WARD,PED-ARD,Nursing Officer,NO,NONSPECIALIST,FULLY_AUTOMATED,1200000
PEDIATRIC GASTROENTEROLOGY WARD,PED-ARD,Medical Attendant,MA,NONSPECIALIST,USER_ASSISTED,1200000
PEDIATRIC RENAL UNIT (DIALYSIS),PED-IS,Assistance Nursing Officer,ANO,NONSPECIALIST,FULLY_AUTOMATED,1200000
PEDIATRIC RENAL UNIT (DIALYSIS),PED-IS,Nursing Officer,NO,NONSPECIALIST,FULLY_AUTOMATED,1200000
PEDIATRIC RENAL UNIT (DIALYSIS),PED-IS,Medical Attendant,MA,NONSPECIALIST,USER_ASSISTED,1200000
PEDIATRIC SURGICAL WARD,PED-ARD,Assistance Nursing Officer,ANO,NONSPECIALIST,FULLY_AUTOMATED,1200000
PEDIATRIC SURGICAL WARD,PED-ARD,Enrolled Nurse,EN,NONSPECIALIST,FULLY_AUTOMATED,1200000
PEDIATRIC SURGICAL WARD,PED-ARD,Nursing Officer,NO,NONSPECIALIST,FULLY_AUTOMATED,1200000
PEDIATRIC SURGICAL WARD,PED-ARD,Medical Attendant,MA,NONSPECIALIST,USER_ASSISTED,1200000
PEDIATRIC ONCOLOGY WARD,PED-ARD,Assistance Nursing Officer,ANO,NONSPECIALIST,FULLY_AUTOMATED,1200000
PEDIATRIC ONCOLOGY WARD,PED-ARD,Nursing Officer,NO,NONSPECIALIST,FULLY_AUTOMATED,1200000
PEDIATRIC ONCOLOGY WARD,PED-ARD,Medical Attendant,MA,NONSPECIALIST,USER_ASSISTED,1200000
PHARMACY,PH,Pharmaceutical Assistant,PHARMAS,NONSPECIALIST,FULLY_AUTOMATED,1200000
PHARMACY,PH,Pharmaceutical Technologist,PCT,NONSPECIALIST,FULLY_AUTOMATED,1200000
PHARMACY,PH,Pharmacist,PH,NONSPECIALIST,FULLY_AUTOMATED,1200000
PHARMACY,PH,Clinical Pharmacist,CLNPHARM,NONSPECIALIST,FULLY_AUTOMATED,1200000
PHARMACY,PH,Medical Attendant,MA,NONSPECIALIST,USER_ASSISTED,1200000
PHYSIOTHERAPY (UNIT),PHY-IT,Physiotherapist,PHY,NONSPECIALIST,USER_ASSISTED,1200000
PHYSIOTHERAPY (UNIT),PHY-IT,Occupational therapist,OCCTHP,NONSPECIALIST,FULLY_AUTOMATED,1200000
PHYSIOTHERAPY (UNIT),PHY-IT,Personal Secretary,PS,NONSPECIALIST,USER_ASSISTED,1200000
PHYSIOTHERAPY (UNIT),PHY-IT,Office attendant,OFFATT,NONSPECIALIST,FULLY_AUTOMATED,1200000
RADIOLOGY DEPARTMENT,RAD-ENT,Radiographer,Rad,NONSPECIALIST,FULLY_AUTOMATED,1200000
RADIOLOGY DEPARTMENT,RAD-ENT,Radiologist,Radio,NONSPECIALIST,FULLY_AUTOMATED,1200000
RADIOLOGY DEPARTMENT,RAD-ENT,Personal Secretary,PS,NONSPECIALIST,USER_ASSISTED,1200000
RADIOLOGY DEPARTMENT,RAD-ENT,Office attendant,OFFATT,NONSPECIALIST,FULLY_AUTOMATED,1200000
RADIOLOGY DEPARTMENT,RAD-ENT,Medical Attendant,MA,NONSPECIALIST,USER_ASSISTED,1200000
SEWAHAJI BLOCK-Ward 20 (SURGICAL),SEW-AL,Assistance Nursing Officer,ANO,NONSPECIALIST,FULLY_AUTOMATED,1200000
SEWAHAJI BLOCK-Ward 20 (SURGICAL),SEW-AL,Enrolled Nurse,EN,NONSPECIALIST,FULLY_AUTOMATED,1200000
SEWAHAJI BLOCK-Ward 20 (SURGICAL),SEW-AL,Nursing Officer,NO,NONSPECIALIST,FULLY_AUTOMATED,1200000
SEWAHAJI BLOCK-Ward 20 (SURGICAL),SEW-AL,Medical Attendant,MA,NONSPECIALIST,USER_ASSISTED,1200000
MAIN THEATRE,MAI-TRE,Assistance Nursing Officer,ANO,NONSPECIALIST,FULLY_AUTOMATED,1200000
MAIN THEATRE,MAI-TRE,Enrolled Nurse,EN,NONSPECIALIST,FULLY_AUTOMATED,1200000
MAIN THEATRE,MAI-TRE,Nursing Officer,NO,NONSPECIALIST,FULLY_AUTOMATED,1200000
MAIN THEATRE,MAI-TRE,Medical Attendant,MA,NONSPECIALIST,USER_ASSISTED,1200000
KIBASILA BLOCK-SURGICAL WARDS,KIB-RDS,Assistance Nursing Officer,ANO,NONSPECIALIST,FULLY_AUTOMATED,1200000
KIBASILA BLOCK-SURGICAL WARDS,KIB-RDS,Enrolled Nurse,EN,NONSPECIALIST,FULLY_AUTOMATED,1200000
KIBASILA BLOCK-SURGICAL WARDS,KIB-RDS,Nursing Officer,NO,NONSPECIALIST,FULLY_AUTOMATED,1200000
KIBASILA BLOCK-SURGICAL WARDS,KIB-RDS,Medical Attendant,MA,NONSPECIALIST,USER_ASSISTED,1200000
SEWAHAJI BLOCK-WARD 17 (UROLOGY),SEW-GY,Assistance Nursing Officer,ANO,NONSPECIALIST,FULLY_AUTOMATED,1200000
SEWAHAJI BLOCK-WARD 17 (UROLOGY),SEW-GY,Enrolled Nurse,EN,NONSPECIALIST,FULLY_AUTOMATED,1200000
SEWAHAJI BLOCK-WARD 17 (UROLOGY),SEW-GY,Nursing Officer,NO,NONSPECIALIST,FULLY_AUTOMATED,1200000
SEWAHAJI BLOCK-WARD 17 (UROLOGY),SEW-GY,Medical Attendant,MA,NONSPECIALIST,USER_ASSISTED,1200000
Urology Department,URO-ENT,Urologist,URO,NONSPECIALIST,FULLY_AUTOMATED,1200000
Urology Department,URO-ENT,Medical Officer,MO,NONSPECIALIST,FULLY_AUTOMATED,1200000
Urology Department,URO-ENT,Medical Attendant,MA,NONSPECIALIST,USER_ASSISTED,1200000
Ward 41,WAR- 41,Assistance Nursing Officer,ANO,NONSPECIALIST,FULLY_AUTOMATED,1200000
Ward 41,WAR- 41,Enrolled Nurse,EN,NONSPECIALIST,FULLY_AUTOMATED,1200000
Ward 41,WAR- 41,Nursing Officer,NO,NONSPECIALIST,FULLY_AUTOMATED,1200000
Ward 41,WAR- 41,Medical Attendant,MA,NONSPECIALIST,USER_ASSISTED,1200000
Ward 42,WAR- 42,Assistance Nursing Officer,ANO,NONSPECIALIST,FULLY_AUTOMATED,1200000
Ward 42,WAR- 42,Enrolled Nurse,EN,NONSPECIALIST,FULLY_AUTOMATED,1200000
Ward 42,WAR- 42,Nursing Officer,NO,NONSPECIALIST,FULLY_AUTOMATED,1200000
Ward 42,WAR- 42,Medical Attendant,MA,NONSPECIALIST,USER_ASSISTED,1200000
ICU/Critical Services (ICU),ICU-CU,Intensivist,INTST,NONSPECIALIST,FULLY_AUTOMATED,1200000
ICU/Critical Services (ICU),ICU-CU,Medical Officer,MO,NONSPECIALIST,FULLY_AUTOMATED,1200000
ICU/Critical Services (ICU),ICU-CU,Assistance Nursing Officer,ANO,NONSPECIALIST,FULLY_AUTOMATED,1200000
ICU/Critical Services (ICU),ICU-CU,Nursing Officer,NO,NONSPECIALIST,FULLY_AUTOMATED,1200000
ICU/Critical Services (ICU),ICU-CU,Medical Attendant,MA,NONSPECIALIST,USER_ASSISTED,1200000
ICU/Critical Services (APCU),ICU-CU,Assistance Nursing Officer,ANO,NONSPECIALIST,FULLY_AUTOMATED,1200000
ICU/Critical Services (APCU),ICU-CU,Nursing Officer,NO,NONSPECIALIST,FULLY_AUTOMATED,1200000
ICU/Critical Services (APCU),ICU-CU,Medical Attendant,MA,NONSPECIALIST,USER_ASSISTED,1200000
"Outpatient services for referred patients, and staff (MNH)",OUT-NH,Medical Officer,MO,NONSPECIALIST,FULLY_AUTOMATED,1200000
"Outpatient services for referred patients, and staff (MNH)",OUT-NH,Specialist Medical,SMD,SPECIALIST,FULLY_AUTOMATED,1200000
"Outpatient services for referred patients, and staff (MNH)",OUT-NH,Office Attendant,OFFATT,NONSPECIALIST,FULLY_AUTOMATED,1200000
"Outpatient services for referred patients, and staff (MNH)",OUT-NH,Personal secretary,PS,NONSPECIALIST,USER_ASSISTED,1200000
Internal medicine out patients services,INT-CES,Specialist Physician (Internal Medicine),SPHYS,SPECIALIST,FULLY_AUTOMATED,1200000
Internal medicine out patients services,INT-CES,Medical Officer,MO,NONSPECIALIST,FULLY_AUTOMATED,1200000
Internal medicine out patients services,INT-CES,Specialist (Super) - Cardiologist,SSCARD,SPECIALIST,FULLY_AUTOMATED,1200000
Internal medicine out patients services,INT-CES,Specialist (Super) - Nephrologist,SSNEPH,SPECIALIST,FULLY_AUTOMATED,1200000
Internal medicine out patients services,INT-CES,Specialist (Super) - Neurologist,SSNEURO,SPECIALIST,FULLY_AUTOMATED,1200000
Internal medicine out patients services,INT-CES,Specialist (Super) - Gastroentrologist,SSGASTRO,SPECIALIST,FULLY_AUTOMATED,1200000
Internal medicine out patients services,INT-CES,Personal Secretary,PS,NONSPECIALIST,USER_ASSISTED,1200000
Internal medicine out patients services,INT-CES,Office Attendant,OFFATT,NONSPECIALIST,FULLY_AUTOMATED,1200000
Paediatric Outpatient clinics,PAE-ICS,Medical Officer,MO,NONSPECIALIST,FULLY_AUTOMATED,1200000
Paediatric Outpatient clinics,PAE-ICS,Specialist Pediatrician,SPED,SPECIALIST,FULLY_AUTOMATED,1200000
Paediatric Outpatient clinics,PAE-ICS,Specialist (Super) - Neonatologist,SSNEON,SPECIALIST,FULLY_AUTOMATED,1200000
Paediatric Outpatient clinics,PAE-ICS,Specialist (Super) - Peadiatric Nuerology,SSPAEDNEUR,SPECIALIST,FULLY_AUTOMATED,1200000
Paediatric Outpatient clinics,PAE-ICS,Specialist (Super) - Peadiatric Oncologist,SSPAEDONCO,SPECIALIST,FULLY_AUTOMATED,1200000
Paediatric Outpatient clinics,PAE-ICS,Personal Secretary,PS,NONSPECIALIST,USER_ASSISTED,1200000
Paediatric Outpatient clinics,PAE-ICS,Office Attendant,OFFATT,NONSPECIALIST,FULLY_AUTOMATED,1200000
Surgical clinics,SUR-ICS,Specialist General Surgeon,GS,SPECIALIST,FULLY_AUTOMATED,1200000
Surgical clinics,SUR-ICS,Medical Officer,MO,NONSPECIALIST,FULLY_AUTOMATED,1200000
Surgical clinics,SUR-ICS,Specialist (Super) - Cardio-Thoracic Surgeon,SSCARDTHOSGN,SPECIALIST,FULLY_AUTOMATED,1200000
Surgical clinics,SUR-ICS,Specialist (Super) - Paediatric Surgeon,SSPAEDSGN,SPECIALIST,FULLY_AUTOMATED,1200000
Surgical clinics,SUR-ICS,Specialist (Super) - Plastic Surgery,SSPLASTGR,SPECIALIST,FULLY_AUTOMATED,1200000
ENT Clinics,ENT-ICS,Specialist (Super) - ENT,SSENT,SPECIALIST,FULLY_AUTOMATED,1200000
ENT Clinics,ENT-ICS,Specialist ENT,SE,SPECIALIST,FULLY_AUTOMATED,1200000
ENT Clinics,ENT-ICS,Medical Officer,MO,NONSPECIALIST,FULLY_AUTOMATED,1200000
ENT Clinics,ENT-ICS,Speech therapist,SP THER,NONSPECIALIST,FULLY_AUTOMATED,1200000
ENT Clinics,ENT-ICS,Audiologist,AUD,NONSPECIALIST,USER_ASSISTED,1200000
ENT Clinics,ENT-ICS,Clinical Audiologist,CLNAUDST,NONSPECIALIST,FULLY_AUTOMATED,1200000
ENT Clinics,ENT-ICS,Personal secretary,PS,NONSPECIALIST,USER_ASSISTED,1200000
ENT Clinics,ENT-ICS,Office attendant,OFFATT,NONSPECIALIST,FULLY_AUTOMATED,1200000
Gynaecological Clinics,GYN-ICS,Specialist (Super) - Obstetric and Gynaecologist,SSOBS-GYN,SPECIALIST,FULLY_AUTOMATED,1200000
Gynaecological Clinics,GYN-ICS,Obstetrician/Gynaecologist,OBS-GYN,NONSPECIALIST,FULLY_AUTOMATED,1200000
Gynaecological Clinics,GYN-ICS,Medical Officer,MO,NONSPECIALIST,FULLY_AUTOMATED,1200000
Gynaecological Clinics,GYN-ICS,Personal Secretary,PS,NONSPECIALIST,USER_ASSISTED,1200000
Gynaecological Clinics,GYN-ICS,Office Attendant,OFFATT,NONSPECIALIST,FULLY_AUTOMATED,1200000
MATERNITY BLOCK (IPPM ANNEX),MAT-EX,Assistance Nursing Officer,ANO,NONSPECIALIST,FULLY_AUTOMATED,1200000
MATERNITY BLOCK (IPPM ANNEX),MAT-EX,Nursing Officer,NO,NONSPECIALIST,FULLY_AUTOMATED,1200000
MATERNITY BLOCK (IPPM ANNEX),MAT-EX,Medical Attendant,MA,NONSPECIALIST,USER_ASSISTED,1200000
MATERNITY BLOCK (Ward 33),MAT-33,Assistance Nursing Officer,ANO,NONSPECIALIST,FULLY_AUTOMATED,1200000
MATERNITY BLOCK (Ward 33),MAT-33,Nursing Officer,NO,NONSPECIALIST,FULLY_AUTOMATED,1200000
MATERNITY BLOCK (Ward 33),MAT-33,Medical Attendant,MA,NONSPECIALIST,USER_ASSISTED,1200000
MATERNITY BLOCK (Ward 34),MAT-34,Assistance Nursing Officer,ANO,NONSPECIALIST,FULLY_AUTOMATED,1200000
MATERNITY BLOCK (Ward 34),MAT-34,Nursing Officer,NO,NONSPECIALIST,FULLY_AUTOMATED,1200000
MATERNITY BLOCK (Ward 34),MAT-34,Medical Attendant,MA,NONSPECIALIST,USER_ASSISTED,1200000
MATERNITY BLOCK (Ward 35 Labour),MAT-UR,Assistance Nursing Officer,ANO,NONSPECIALIST,FULLY_AUTOMATED,1200000
MATERNITY BLOCK (Ward 35 Labour),MAT-UR,Nursing Officer,NO,NONSPECIALIST,FULLY_AUTOMATED,1200000
MATERNITY BLOCK (Ward 35 Labour),MAT-UR,Medical Attendant,MA,NONSPECIALIST,USER_ASSISTED,1200000
MATERNITY BLOCK (Ward 36 Neonatal),MAT-AL,Assistance Nursing Officer,ANO,NONSPECIALIST,FULLY_AUTOMATED,1200000
MATERNITY BLOCK (Ward 36 Neonatal),MAT-AL,Nursing Officer,NO,NONSPECIALIST,FULLY_AUTOMATED,1200000
MATERNITY BLOCK (Ward 36 Neonatal),MAT-AL,Medical Attendant,MA,NONSPECIALIST,USER_ASSISTED,1200000
MATERNITY BLOCK (Ward 37),MAT-37,Assistance Nursing Officer,ANO,NONSPECIALIST,FULLY_AUTOMATED,1200000
MATERNITY BLOCK (Ward 37),MAT-37,Nursing Officer,NO,NONSPECIALIST,FULLY_AUTOMATED,1200000
MATERNITY BLOCK (Ward 37),MAT-37,Medical Attendant,MA,NONSPECIALIST,USER_ASSISTED,1200000
MATERNITY BLOCK (Ward 38),MAT-38,Assistance Nursing Officer,ANO,NONSPECIALIST,FULLY_AUTOMATED,1200000
MATERNITY BLOCK (Ward 38),MAT-38,Nursing Officer,NO,NONSPECIALIST,FULLY_AUTOMATED,1200000
MATERNITY BLOCK (Ward 38),MAT-38,Medical Attendant,MA,NONSPECIALIST,USER_ASSISTED,1200000
MATERNITY BLOCK (Ward 39),MAT-39,Assistance Nursing Officer,ANO,NONSPECIALIST,FULLY_AUTOMATED,1200000
MATERNITY BLOCK (Ward 39),MAT-39,Nursing Officer,NO,NONSPECIALIST,FULLY_AUTOMATED,1200000
MATERNITY BLOCK (Ward 39),MAT-39,Medical Attendant,MA,NONSPECIALIST,USER_ASSISTED,1200000
Eye clinic (OPD),EYE-PD,Assistance Nursing Officer,ANO,NONSPECIALIST,FULLY_AUTOMATED,1200000
Eye clinic (OPD),EYE-PD,Medical Officer,MO,NONSPECIALIST,FULLY_AUTOMATED,1200000
Eye clinic (OPD),EYE-PD,Specialist Ophthalmologist,SOPHTST,SPECIALIST,FULLY_AUTOMATED,1200000
Eye clinic (OPD),EYE-PD,Personal Secretary,PS,NONSPECIALIST,USER_ASSISTED,1200000
Eye clinic (OPD),EYE-PD,Medical Attendant,MA,NONSPECIALIST,USER_ASSISTED,1200000
MWAISELA WD1,MWA-WD1,Assistance Nursing Officer,ANO,NONSPECIALIST,FULLY_AUTOMATED,1200000
MWAISELA WD1,MWA-WD1,Nursing Officer,NO,NONSPECIALIST,FULLY_AUTOMATED,1200000
MWAISELA WD1,MWA-WD1,Medical Attendant,MA,NONSPECIALIST,USER_ASSISTED,1200000
MWAISELA WD3,MWA-WD3,Assistance Nursing Officer,ANO,NONSPECIALIST,FULLY_AUTOMATED,1200000
MWAISELA WD3,MWA-WD3,Nursing Officer,NO,NONSPECIALIST,FULLY_AUTOMATED,1200000
MWAISELA WD3,MWA-WD3,Medical Attendant,MA,NONSPECIALIST,USER_ASSISTED,1200000
MWAISELA WD4,MWA-WD4,Assistance Nursing Officer,ANO,NONSPECIALIST,FULLY_AUTOMATED,1200000
MWAISELA WD4,MWA-WD4,Nursing Officer,NO,NONSPECIALIST,FULLY_AUTOMATED,1200000
MWAISELA WD4,MWA-WD4,Medical Attendant,MA,NONSPECIALIST,USER_ASSISTED,1200000
MWAISELA WD5,MWA-WD5,Assistance Nursing Officer,ANO,NONSPECIALIST,FULLY_AUTOMATED,1200000
MWAISELA WD5,MWA-WD5,Nursing Officer,NO,NONSPECIALIST,FULLY_AUTOMATED,1200000
MWAISELA WD5,MWA-WD5,Medical Attendant,MA,NONSPECIALIST,USER_ASSISTED,1200000
Executive Management,EXE-ENT,Executive Director,EXDR,NONSPECIALIST,FULLY_AUTOMATED,1200000
Executive Management,EXE-ENT,Deputy Executive Director- Clinical Services,DEXDRCS,NONSPECIALIST,FULLY_AUTOMATED,1200000
Executive Management,EXE-ENT,Deputy Executive Director- Administration,DEXDRADM,NONSPECIALIST,FULLY_AUTOMATED,1200000
Executive Management,EXE-ENT,Director of Surgical Services,DSURGS,NONSPECIALIST,FULLY_AUTOMATED,1200000
Executive Management,EXE-ENT,Director of Medical Services,DMS,NONSPECIALIST,USER_ASSISTED,1200000
Executive Management,EXE-ENT,Director of Clinical Support Services,DCLSS,NONSPECIALIST,FULLY_AUTOMATED,1200000
Executive Management,EXE-ENT,Director of Nursing services,DNS,NONSPECIALIST,USER_ASSISTED,1200000
Executive Management,EXE-ENT,Director of Technical service,DTECHS,NONSPECIALIST,FULLY_AUTOMATED,1200000
Executive Management,EXE-ENT,Director of Human Resource and Administration,DHRADM,NONSPECIALIST,FULLY_AUTOMATED,1200000
Executive Management,EXE-ENT,"Director of Information, communication and Technology (ICT)",DICT,NONSPECIALIST,FULLY_AUTOMATED,1200000
Executive Management,EXE-ENT,Director of Finance and Planning,DFNPLAN,NONSPECIALIST,FULLY_AUTOMATED,1200000
Executive Management,EXE-ENT,Chief Internal Auditor,CIAUD,NONSPECIALIST,FULLY_AUTOMATED,1200000
Executive Management,EXE-ENT,"Head, Procurement Management Unit",HPRMANU,NONSPECIALIST,FULLY_AUTOMATED,1200000
Executive Management,EXE-ENT,"Head, Legal Unit",HLEGU,NONSPECIALIST,FULLY_AUTOMATED,1200000
Executive Management,EXE-ENT,"Head, Public Relations Unit",HPRUN,NONSPECIALIST,FULLY_AUTOMATED,1200000
Executive Management,EXE-ENT,"Head, Teaching, Research & Consultancy Coordination Unit",HTECHRESCO,NONSPECIALIST,FULLY_AUTOMATED,1200000
Executive Management,EXE-ENT,"Head, Quality Improvement & Clinical Audit Unit",HQICAUD,NONSPECIALIST,FULLY_AUTOMATED,1200000
MWAISELA WD6,MWA-WD6,Assistance Nursing Officer,ANO,NONSPECIALIST,FULLY_AUTOMATED,1200000
MWAISELA WD6,MWA-WD6,Nursing Officer,NO,NONSPECIALIST,FULLY_AUTOMATED,1200000
MWAISELA WD6,MWA-WD6,Medical Attendant,MA,NONSPECIALIST,USER_ASSISTED,1200000
MWAISELA WD7,MWA-WD7,Assistance Nursing Officer,ANO,NONSPECIALIST,FULLY_AUTOMATED,1200000
MWAISELA WD7,MWA-WD7,Nursing Officer,NO,NONSPECIALIST,FULLY_AUTOMATED,1200000
MWAISELA WD7,MWA-WD7,Medical Attendant,MA,NONSPECIALIST,USER_ASSISTED,1200000
MWAISELA WD8,MWA-WD8,Assistance Nursing Officer,ANO,NONSPECIALIST,FULLY_AUTOMATED,1200000
MWAISELA WD8,MWA-WD8,Nursing Officer,NO,NONSPECIALIST,FULLY_AUTOMATED,1200000
MWAISELA WD8,MWA-WD8,Medical Attendant,MA,NONSPECIALIST,USER_ASSISTED,1200000
TB,TB-TB,Assistance Nursing Officer,ANO,NONSPECIALIST,FULLY_AUTOMATED,1200000
TB,TB-TB,Nursing Officer,NO,NONSPECIALIST,FULLY_AUTOMATED,1200000
TB,TB-TB,Medical Attendant,MA,NONSPECIALIST,USER_ASSISTED,1200000
Compensation & Industrial Relations,COM-ONS,Human Resource Officer,HRO,NONSPECIALIST,USER_ASSISTED,1200000
Compensation & Industrial Relations,COM-ONS,Industrial Relation Officers,INDROFF,NONSPECIALIST,FULLY_AUTOMATED,1200000
Compensation & Industrial Relations,COM-ONS,Payroll Accountant,PAC,NONSPECIALIST,FULLY_AUTOMATED,1200000
Compensation & Industrial Relations,COM-ONS,Assistant Accountant,AAC,NONSPECIALIST,USER_ASSISTED,1200000
Compensation & Industrial Relations,COM-ONS,Personal Secretary,PS,NONSPECIALIST,USER_ASSISTED,1200000
Compensation & Industrial Relations,COM-ONS,Registry Clerk,RC,NONSPECIALIST,USER_ASSISTED,1200000
Compensation & Industrial Relations,COM-ONS,Office Attendant,OFFATT,NONSPECIALIST,FULLY_AUTOMATED,1200000
Administration,ADM-ION,Administrative Officer,AO,NONSPECIALIST,USER_ASSISTED,1200000
Administration,ADM-ION,Transport Officer,TRO,NONSPECIALIST,USER_ASSISTED,1200000
Administration,ADM-ION,Administrative Officer - Security,AOS,NONSPECIALIST,FULLY_AUTOMATED,1200000
Administration,ADM-ION,Personal Secretary,PS,NONSPECIALIST,USER_ASSISTED,1200000
Administration,ADM-ION,Registry Clerk,RC,NONSPECIALIST,USER_ASSISTED,1200000
Administration,ADM-ION,Office Attendant,OFFATT,NONSPECIALIST,FULLY_AUTOMATED,1200000
Administration,ADM-ION,Janitors,JANT,NONSPECIALIST,FULLY_AUTOMATED,1200000
Administration,ADM-ION,Drivers,DR,NONSPECIALIST,USER_ASSISTED,1200000
Administration,ADM-ION,Police Auxiliaries/Security guards,POAX-SECG,NONSPECIALIST,FULLY_AUTOMATED,1200000
Administration,ADM-ION,Estate Officer,EO,NONSPECIALIST,USER_ASSISTED,1200000
Recruitment and Training,REC-ING,Human Resource Officer,HRO,NONSPECIALIST,USER_ASSISTED,1200000
Recruitment and Training,REC-ING,Administrative Officer,AO,NONSPECIALIST,USER_ASSISTED,1200000
Recruitment and Training,REC-ING,Registry Clerk,RC,NONSPECIALIST,USER_ASSISTED,1200000
Recruitment and Training,REC-ING,Personal Secretary,PS,NONSPECIALIST,USER_ASSISTED,1200000
Recruitment and Training,REC-ING,Office Attendant,OFFATT,NONSPECIALIST,FULLY_AUTOMATED,1200000
Finance,FIN-NCE,Accountant,AC,NONSPECIALIST,USER_ASSISTED,1200000
Finance,FIN-NCE,Assistant Accountant,AAC,NONSPECIALIST,USER_ASSISTED,1200000
Finance,FIN-NCE,Account Assistant-Cash collection,AACCO,NONSPECIALIST,FULLY_AUTOMATED,1200000
Finance,FIN-NCE,Claims Officer,CLOFF,NONSPECIALIST,FULLY_AUTOMATED,1200000
Finance,FIN-NCE,Planning Officer,PO,NONSPECIALIST,USER_ASSISTED,1200000
Finance,FIN-NCE,Personal Secretary,PS,NONSPECIALIST,USER_ASSISTED,1200000
Finance,FIN-NCE,Office Attendant,OFFATT,NONSPECIALIST,FULLY_AUTOMATED,1200000
Procurement,PRO-ENT,Procurement and Supplies officer,PSUPPOFF,NONSPECIALIST,FULLY_AUTOMATED,1200000
Procurement,PRO-ENT,Stores officer,STOFF,NONSPECIALIST,FULLY_AUTOMATED,1200000
Procurement,PRO-ENT,Registry clerk,RC,NONSPECIALIST,USER_ASSISTED,1200000
Procurement,PRO-ENT,Personal Secretary,PS,NONSPECIALIST,USER_ASSISTED,1200000
Procurement,PRO-ENT,Office attendant,OFFATT,NONSPECIALIST,FULLY_AUTOMATED,1200000
Medical Records,MR,Health Records Technician,HRTECHN,NONSPECIALIST,FULLY_AUTOMATED,1200000
Medical Records,MR,Health Records & Information Officer,HRIO,NONSPECIALIST,FULLY_AUTOMATED,1200000
Telephone services,TEL-CES,Telephone Operator,TO,NONSPECIALIST,USER_ASSISTED,1200000
Telephone services,TEL-CES,Telephone Technician,TETECH,NONSPECIALIST,FULLY_AUTOMATED,1200000
Information and Communication Technology,INF-OGY,ICT-Officer,ICTO,NONSPECIALIST,USER_ASSISTED,1200000
Information and Communication Technology,INF-OGY,Data Entry Clerks,DECLK,NONSPECIALIST,FULLY_AUTOMATED,1200000
Information and Communication Technology,INF-OGY,ICT Technician,IT,NONSPECIALIST,USER_ASSISTED,1200000
Data management,DAT-ENT,Pharmacist,PH,NONSPECIALIST,FULLY_AUTOMATED,1200000
Data management,DAT-ENT,Pharmaceutical technologist,PCT,NONSPECIALIST,FULLY_AUTOMATED,1200000
Stores,STO-RES,Pharmacist,PH,NONSPECIALIST,FULLY_AUTOMATED,1200000
Stores,STO-RES,Pharmaceutical Technologist,PCT,NONSPECIALIST,FULLY_AUTOMATED,1200000
Stores,STO-RES,Medical Attendant,MA,NONSPECIALIST,USER_ASSISTED,1200000
Haematology,HAE-OGY,Haematologist,HAEMST,NONSPECIALIST,FULLY_AUTOMATED,1200000
Haematology,HAE-OGY,Laboratory Technologist,LABTECH,NONSPECIALIST,FULLY_AUTOMATED,1200000
Haematology,HAE-OGY,Assistant Laboratory Technologist,ALABTECH,NONSPECIALIST,FULLY_AUTOMATED,1200000
Haematology,HAE-OGY,Medical Attendant,MA,NONSPECIALIST,USER_ASSISTED,1200000
Microbiology and Immunology,MIC-OGY,Microbiologist,MICROST,NONSPECIALIST,FULLY_AUTOMATED,1200000
Parasitological and Entomology,PAR-OGY,Parasitologist,PARAST,NONSPECIALIST,FULLY_AUTOMATED,1200000
Clinical chemistry,CLI-TRY,Clinical Chemist,CLCHEM,NONSPECIALIST,FULLY_AUTOMATED,1200000
Histopathology and cytology,HIS-OGY,Histopathologist,HISTOST,NONSPECIALIST,FULLY_AUTOMATED,1200000
Mortuary services,MOR-CES,Pathologist,PAT,NONSPECIALIST,USER_ASSISTED,1200000
Mortuary services,MOR-CES,Prosecutor,PROSECUTOR,NONSPECIALIST,FULLY_AUTOMATED,1200000
Mortuary services,MOR-CES,Mortuary Attendant,MORTATT,NONSPECIALIST,FULLY_AUTOMATED,1200000
Electrical Engineering,ELE-ING,Electrical Engineer,EENG,NONSPECIALIST,FULLY_AUTOMATED,1200000
Electrical Engineering,ELE-ING,Technician,TECH,NONSPECIALIST,USER_ASSISTED,1200000
Civil Engineering,CIV-ING,Civil Engineer,CE,NONSPECIALIST,USER_ASSISTED,1200000
Civil Engineering,CIV-ING,Quantity Surveyor,QS,NONSPECIALIST,FULLY_AUTOMATED,1200000
Civil Engineering,CIV-ING,Technician,TECH,NONSPECIALIST,USER_ASSISTED,1200000
Civil Engineering,CIV-ING,Carpenter,CARPENTER,NONSPECIALIST,FULLY_AUTOMATED,1200000
Civil Engineering,CIV-ING,Mason,MASON,NONSPECIALIST,FULLY_AUTOMATED,1200000
Civil Engineering,CIV-ING,Painter,PAINTER,NONSPECIALIST,FULLY_AUTOMATED,1200000
Civil Engineering,CIV-ING,Draft Man-Civil,DMAN-CIVIL,NONSPECIALIST,FULLY_AUTOMATED,1200000
Mechanical Engineering,MEC-ING,Mechanical Engineer,ME,NONSPECIALIST,USER_ASSISTED,1200000
Mechanical Engineering,MEC-ING,Boiler Operator,BOPEATOR,NONSPECIALIST,FULLY_AUTOMATED,1200000
Mechanical Engineering,MEC-ING,Transport Officer,TRO,NONSPECIALIST,USER_ASSISTED,1200000
Mechanical Engineering,MEC-ING,Technician Automobile,TECHAUTMBL,NONSPECIALIST,FULLY_AUTOMATED,1200000
Mechanical Engineering,MEC-ING,Automobile Artisan,AUTMBLART,NONSPECIALIST,FULLY_AUTOMATED,1200000
Mechanical Engineering,MEC-ING,Biomedical Technician,BMT,NONSPECIALIST,USER_ASSISTED,1200000
Mechanical Engineering,MEC-ING,Drivers,DR,NONSPECIALIST,USER_ASSISTED,1200000
Environmental Engineering,ENV-ING,Estate Manager,ESTMN,NONSPECIALIST,FULLY_AUTOMATED,1200000
Environmental Engineering,ENV-ING,Technician Water,TWATER,NONSPECIALIST,FULLY_AUTOMATED,1200000
Environmental Engineering,ENV-ING,Incinerator Operator,INCOP,NONSPECIALIST,FULLY_AUTOMATED,1200000
Environmental Engineering,ENV-ING,Drainage,DRAINAGE,NONSPECIALIST,FULLY_AUTOMATED,1200000
Environmental Engineering,ENV-ING,Gardener,GARDENER,NONSPECIALIST,FULLY_AUTOMATED,1200000
Environmental Engineering,ENV-ING,Plumber,PLUMBER,NONSPECIALIST,FULLY_AUTOMATED,1200000
Environmental Engineering,ENV-ING,Cleaner,CLEANER,NONSPECIALIST,FULLY_AUTOMATED,1200000
Environmental Engineering,ENV-ING,Water Pump Operator,WPOPE,NONSPECIALIST,FULLY_AUTOMATED,1200000
Outpatients Services for Health Insurance Clients (NHIF & other) (ORCI),OUT-CI,Physician,PHYSN,NONSPECIALIST,FULLY_AUTOMATED,1200000
Outpatients Services for Health Insurance Clients (NHIF & other) (ORCI),OUT-CI,Paediatrician,PAEDN,NONSPECIALIST,FULLY_AUTOMATED,1200000
Outpatients Services for Health Insurance Clients (NHIF & other) (ORCI),OUT-CI,Gynecologist,GYN,NONSPECIALIST,FULLY_AUTOMATED,1200000
Outpatients Services for Health Insurance Clients (NHIF & other) (ORCI),OUT-CI,Medical Doctor,MD,NONSPECIALIST,FULLY_AUTOMATED,1200000
Outpatients Services for Health Insurance Clients (NHIF & other) (ORCI),OUT-CI,Personal secretary,PS,NONSPECIALIST,USER_ASSISTED,1200000
Outpatients Services for Health Insurance Clients (NHIF & other) (ORCI),OUT-CI,Office Attendant,OFFATT,NONSPECIALIST,FULLY_AUTOMATED,1200000
Quality Improvement Unit,QUA-NIT,Quality Manager,QAM,NONSPECIALIST,FULLY_AUTOMATED,1200000
Quality Improvement Unit,QUA-NIT,Doctor,DOCTOR,NONSPECIALIST,FULLY_AUTOMATED,1200000
Quality Improvement Unit,QUA-NIT,Health Officer,HO,NONSPECIALIST,FULLY_AUTOMATED,1200000
Quality Improvement Unit,QUA-NIT,Officer,OFFICER,NONSPECIALIST,FULLY_AUTOMATED,1200000
Quality Improvement Unit,QUA-NIT,Medical Attendant,MA,NONSPECIALIST,USER_ASSISTED,1200000
Quality Improvement Unit,QUA-NIT,Lab Technician,LABTECHN,NONSPECIALIST,FULLY_AUTOMATED,1200000
Quality Improvement Unit,QUA-NIT,Pharmacist,PH,NONSPECIALIST,FULLY_AUTOMATED,1200000
Quality Improvement Unit,QUA-NIT,Data Manager,DM,NONSPECIALIST,FULLY_AUTOMATED,1200000
Internal Audit,INT-DIT,Internal auditor,IA,NONSPECIALIST,USER_ASSISTED,1200000
Internal Audit,INT-DIT,Personal Secretary,PS,NONSPECIALIST,USER_ASSISTED,1200000
Internal Audit,INT-DIT,Office Attendant,OFFATT,NONSPECIALIST,FULLY_AUTOMATED,1200000
Public relations,PUB-ONS,Public Relation Officer,PRO,NONSPECIALIST,USER_ASSISTED,1200000
Public relations,PUB-ONS,Office Attendant,OFFATT,NONSPECIALIST,FULLY_AUTOMATED,1200000
Legal Office,LEG-ICE,Legal Officer,LO,NONSPECIALIST,USER_ASSISTED,1200000
Legal Office,LEG-ICE,Registry Clerk,RC,NONSPECIALIST,USER_ASSISTED,1200000
Legal Office,LEG-ICE,Office Attendant,OFFATT,NONSPECIALIST,FULLY_AUTOMATED,1200000
Laboratory,LAB,Assistant Laboratory Technologist,ALABTECH,NONSPECIALIST,FULLY_AUTOMATED,1200000
Laboratory,LAB,Clinical Chemist,CLCHEM,NONSPECIALIST,FULLY_AUTOMATED,1200000
Laboratory,LAB,Haematologist,HAEMST,NONSPECIALIST,FULLY_AUTOMATED,1200000
Laboratory,LAB,Histopathologist,HISTOST,NONSPECIALIST,FULLY_AUTOMATED,1200000
Laboratory,LAB,Laboratory Scientist,LABSCN,NONSPECIALIST,FULLY_AUTOMATED,1200000
Laboratory,LAB,Laboratory Technologist,LABTECH,NONSPECIALIST,FULLY_AUTOMATED,1200000
Laboratory,LAB,Microbiologist,MICROST,NONSPECIALIST,FULLY_AUTOMATED,1200000
Laboratory,LAB,Parasitologist,PARAST,NONSPECIALIST,FULLY_AUTOMATED,1200000
Laboratory,LAB,Pathologist,PAT,NONSPECIALIST,USER_ASSISTED,1200000
Psychiatric ward,PSY-ARD,Assistance Nursing Officer,ANO,NONSPECIALIST,FULLY_AUTOMATED,1200000
Psychiatric ward,PSY-ARD,Medical Officer,MO,NONSPECIALIST,FULLY_AUTOMATED,1200000
Psychiatric ward,PSY-ARD,Nursing Officer,NO,NONSPECIALIST,FULLY_AUTOMATED,1200000
Psychiatric ward,PSY-ARD,Social Welfare Officer,SWO,NONSPECIALIST,USER_ASSISTED,1200000
Psychiatric ward,PSY-ARD,Specialist Physician,SIM,SPECIALIST,FULLY_AUTOMATED,1200000
Psychiatric ward,PSY-ARD,Specialist Psychiatrist,SPSY,SPECIALIST,FULLY_AUTOMATED,1200000
Private ward M & F,PRI-& F,Assistance Nursing Officer,ANO,NONSPECIALIST,FULLY_AUTOMATED,1200000
Private ward M & F,PRI-& F,Medical Attendant,MA,NONSPECIALIST,USER_ASSISTED,1200000
Private ward M & F,PRI-& F,Medical Officer,MO,NONSPECIALIST,FULLY_AUTOMATED,1200000
Private ward M & F,PRI-& F,Nursing Officer,NO,NONSPECIALIST,FULLY_AUTOMATED,1200000
Private ward M & F,PRI-& F,Specialist Physician,SIM,SPECIALIST,FULLY_AUTOMATED,1200000
Antenetal & Gynaecology,ANT-OGY,Assistance Nursing Officer,ANO,NONSPECIALIST,FULLY_AUTOMATED,1200000
Antenetal & Gynaecology,ANT-OGY,Medical Attendant,MA,NONSPECIALIST,USER_ASSISTED,1200000
Antenetal & Gynaecology,ANT-OGY,Medical Officer,MO,NONSPECIALIST,FULLY_AUTOMATED,1200000
Antenetal & Gynaecology,ANT-OGY,Nursing Officer,NO,NONSPECIALIST,FULLY_AUTOMATED,1200000
Antenetal & Gynaecology,ANT-OGY,Obs/Gynecologist,OBS-GYN,NONSPECIALIST,FULLY_AUTOMATED,1200000
Postnatal,POS-TAL,Assistance Nursing Officer,ANO,NONSPECIALIST,FULLY_AUTOMATED,1200000
Postnatal,POS-TAL,Gynecologist,GYN,NONSPECIALIST,FULLY_AUTOMATED,1200000
Postnatal,POS-TAL,Medical Attendant,MA,NONSPECIALIST,USER_ASSISTED,1200000
Postnatal,POS-TAL,Medical Officer,MO,NONSPECIALIST,FULLY_AUTOMATED,1200000
Postnatal,POS-TAL,Nursing Officer,NO,NONSPECIALIST,FULLY_AUTOMATED,1200000
Postnatal,POS-TAL,Obstetrician,OBS,NONSPECIALIST,FULLY_AUTOMATED,1200000
General paediatric ward,GEN-ARD,Assistance Nursing Officer,ANO,NONSPECIALIST,FULLY_AUTOMATED,1200000
General paediatric ward,GEN-ARD,Medical Attendant,MA,NONSPECIALIST,USER_ASSISTED,1200000
General paediatric ward,GEN-ARD,Medical Officer,MO,NONSPECIALIST,FULLY_AUTOMATED,1200000
General paediatric ward,GEN-ARD,Nursing Officer,NO,NONSPECIALIST,FULLY_AUTOMATED,1200000
General paediatric ward,GEN-ARD,Paediatrician,PAEDN,NONSPECIALIST,FULLY_AUTOMATED,1200000
Neonatal &Neonatal ICU ward,NEO-ARD,Assistance Nursing Officer,ANO,NONSPECIALIST,FULLY_AUTOMATED,1200000
Neonatal &Neonatal ICU ward,NEO-ARD,Medical Attendant,MA,NONSPECIALIST,USER_ASSISTED,1200000
Neonatal &Neonatal ICU ward,NEO-ARD,Medical Officer,MO,NONSPECIALIST,FULLY_AUTOMATED,1200000
Neonatal &Neonatal ICU ward,NEO-ARD,Nursing Officer,NO,NONSPECIALIST,FULLY_AUTOMATED,1200000
Neonatal &Neonatal ICU ward,NEO-ARD,Paediatrician,PAEDN,NONSPECIALIST,FULLY_AUTOMATED,1200000
RCH Clinic,RCH-NIC,Assistance Nursing Officer,ANO,NONSPECIALIST,FULLY_AUTOMATED,1200000
RCH Clinic,RCH-NIC,Medical Attendant,MA,NONSPECIALIST,USER_ASSISTED,1200000
RCH Clinic,RCH-NIC,Nursing Officer,NO,NONSPECIALIST,FULLY_AUTOMATED,1200000
CTC clinic,CTC-NIC,Medical Officer,MO,NONSPECIALIST,FULLY_AUTOMATED,1200000
CTC clinic,CTC-NIC,Nursing Officer,NO,NONSPECIALIST,FULLY_AUTOMATED,1200000
Theatre,TH,Anasthesiologist,#N/A,NONSPECIALIST,FULLY_AUTOMATED,1200000
Theatre,TH,Assistance Nursing Officer,ANO,NONSPECIALIST,FULLY_AUTOMATED,1200000
Theatre,TH,Medical Attendant,MA,NONSPECIALIST,USER_ASSISTED,1200000
Theatre,TH,Medical Officer,MO,NONSPECIALIST,FULLY_AUTOMATED,1200000
Theatre,TH,Nursing Officer,NO,NONSPECIALIST,FULLY_AUTOMATED,1200000
Theatre,TH,Specialist General Surgeon,GS,SPECIALIST,FULLY_AUTOMATED,1200000
ICU,ICU,Assistance Nursing Officer,ANO,NONSPECIALIST,FULLY_AUTOMATED,1200000
ICU,ICU,Medical Attendant,MA,NONSPECIALIST,USER_ASSISTED,1200000
ICU,ICU,Medical Officer,MO,NONSPECIALIST,FULLY_AUTOMATED,1200000
ICU,ICU,Nursing Officer,NO,NONSPECIALIST,FULLY_AUTOMATED,1200000
ICU,ICU,Specialist,SPECIALIST,SPECIALIST,FULLY_AUTOMATED,1200000
Radiology,RA,Medical Attendant,MA,NONSPECIALIST,USER_ASSISTED,1200000
Radiology,RA,Radiographer,Rad,NONSPECIALIST,FULLY_AUTOMATED,1200000
Radiology,RA,Radiographer Technologist,RT,NONSPECIALIST,USER_ASSISTED,1200000
Radiology,RA,Radiologist,Radio,NONSPECIALIST,FULLY_AUTOMATED,1200000
Emergency Department,EME-ENT,Assistance Nursing Officer,ANO,NONSPECIALIST,FULLY_AUTOMATED,1200000
Emergency Department,EME-ENT,Medical Attendant,MA,NONSPECIALIST,USER_ASSISTED,1200000
Emergency Department,EME-ENT,Medical Officer,MO,NONSPECIALIST,FULLY_AUTOMATED,1200000
Emergency Department,EME-ENT,Nursing Officer,NO,NONSPECIALIST,FULLY_AUTOMATED,1200000
Emergency Department,EME-ENT,Specialist Emergency Medicine,SEM,SPECIALIST,FULLY_AUTOMATED,1200000
General OPD,GEN-OPD,Assistance Nursing Officer,ANO,NONSPECIALIST,FULLY_AUTOMATED,1200000
General OPD,GEN-OPD,Medical Attendant,MA,NONSPECIALIST,USER_ASSISTED,1200000
General OPD,GEN-OPD,Medical Officer,MO,NONSPECIALIST,FULLY_AUTOMATED,1200000
General OPD,GEN-OPD,Nursing Officer,NO,NONSPECIALIST,FULLY_AUTOMATED,1200000
General OPD,GEN-OPD,Specialist Physician,SIM,SPECIALIST,FULLY_AUTOMATED,1200000
Labour Ward and Obstetric and Theatre,LAB-TRE,Assistance Nursing Officer,ANO,NONSPECIALIST,FULLY_AUTOMATED,1200000
Labour Ward and Obstetric and Theatre,LAB-TRE,Medical Attendant,MA,NONSPECIALIST,USER_ASSISTED,1200000
Labour Ward and Obstetric and Theatre,LAB-TRE,Nursing Officer,NO,NONSPECIALIST,FULLY_AUTOMATED,1200000
Dialysis at OPD,DIA-OPD,Assistance Nursing Officer,ANO,NONSPECIALIST,FULLY_AUTOMATED,1200000
Dialysis at OPD,DIA-OPD,Medical Attendant,MA,NONSPECIALIST,USER_ASSISTED,1200000
Dialysis at OPD,DIA-OPD,Medical Officer,MO,NONSPECIALIST,FULLY_AUTOMATED,1200000
Dialysis at OPD,DIA-OPD,Specialist Dialysis,SDIALYSIS,SPECIALIST,FULLY_AUTOMATED,1200000
Dialysis at OPD,DIA-OPD,Nursing Officer,NO,NONSPECIALIST,FULLY_AUTOMATED,1200000
Obstetrics and Gynaecology,OBS-OGY,Medical Officer,MO,NONSPECIALIST,FULLY_AUTOMATED,1200000
Obstetrics and Gynaecology,OBS-OGY,Specialist Gynaecologist,SGYN,SPECIALIST,FULLY_AUTOMATED,1200000
Obstetrics and Gynaecology,OBS-OGY,Super Specialist Gynaecologist,SSGYN,SPECIALIST,FULLY_AUTOMATED,1200000
ENT department,ENT-ENT,Audiometric- ENT OPD,AUDENT,NONSPECIALIST,FULLY_AUTOMATED,1200000
ENT department,ENT-ENT,Medical Officer,MO,NONSPECIALIST,FULLY_AUTOMATED,1200000
ENT department,ENT-ENT,Specialist ENT,SE,SPECIALIST,FULLY_AUTOMATED,1200000
Internal Medicines - OPD,INT-OPD,Medical Officer,MO,NONSPECIALIST,FULLY_AUTOMATED,1200000
Internal Medicines - OPD,INT-OPD,Specialist Internal Medicine,SIM,SPECIALIST,FULLY_AUTOMATED,1200000
Internal Medicines - OPD,INT-OPD,Super Specialist Cardiologist,SSCARD,SPECIALIST,FULLY_AUTOMATED,1200000
Internal Medicines - OPD,INT-OPD,Super Specialist Nephrologist,SSNEPH,SPECIALIST,FULLY_AUTOMATED,1200000
Internal Medicines - OPD,INT-OPD,Super Specialist Neurologist,SSNEURO,SPECIALIST,FULLY_AUTOMATED,1200000
Internal Medicines - OPD,INT-OPD,Super Specialist Gynaecologist,SSGYN,SPECIALIST,FULLY_AUTOMATED,1200000
Internal Medicines - OPD,INT-OPD,Assistance Nursing Officer,ANO,NONSPECIALIST,FULLY_AUTOMATED,1200000
Internal Medicines - OPD,INT-OPD,Nursing Officer,NO,NONSPECIALIST,FULLY_AUTOMATED,1200000
Depart of Surgery,DEP-ERY,Medical Officer,MO,NONSPECIALIST,FULLY_AUTOMATED,1200000
Depart of Surgery,DEP-ERY,Specialist Surgeon,SS-G,SPECIALIST,FULLY_AUTOMATED,1200000
OPD Orthopaedic Dept.,OPD-PT.,Assistance Nursing Officer,ANO,NONSPECIALIST,FULLY_AUTOMATED,1200000
OPD Orthopaedic Dept.,OPD-PT.,Medical Attendant,MA,NONSPECIALIST,USER_ASSISTED,1200000
OPD Orthopaedic Dept.,OPD-PT.,Medical Officer,MO,NONSPECIALIST,FULLY_AUTOMATED,1200000
OPD Orthopaedic Dept.,OPD-PT.,Nursing Officer,NO,NONSPECIALIST,FULLY_AUTOMATED,1200000
OPD Orthopaedic Dept.,OPD-PT.,Specialist Surgeon,SS-G,SPECIALIST,FULLY_AUTOMATED,1200000
OPD-PSYCHIATRIC DEPT,OPD-EPT,Medical Officer,MO,NONSPECIALIST,FULLY_AUTOMATED,1200000
OPD-PSYCHIATRIC DEPT,OPD-EPT,Specialist Psychiatrist,SPSY,SPECIALIST,FULLY_AUTOMATED,1200000
PHYSIOTHERAPY - OPD,PHY-OPD,Medical Attendant,MA,NONSPECIALIST,USER_ASSISTED,1200000
PHYSIOTHERAPY - OPD,PHY-OPD,Occupational Therapist - OPD Physiotherapy,OTHERPPHYS,NONSPECIALIST,FULLY_AUTOMATED,1200000
PHYSIOTHERAPY - OPD,PHY-OPD,Physiotherapist - OPD Physiotherapy,PHYSST,NONSPECIALIST,FULLY_AUTOMATED,1200000
PHYSIOTHERAPY - OPD,PHY-OPD,Physiotherapy Officer-OPD Physiotherapy,PHYSOFF,NONSPECIALIST,FULLY_AUTOMATED,1200000
LABOUR WARD,LAB-ARD,Assistance Nursing Officer,ANO,NONSPECIALIST,FULLY_AUTOMATED,1200000
LABOUR WARD,LAB-ARD,Medical Attendant,MA,NONSPECIALIST,USER_ASSISTED,1200000
LABOUR WARD,LAB-ARD,Nursing Officer,NO,NONSPECIALIST,FULLY_AUTOMATED,1200000
LABOUR WARD,LAB-ARD,Obstetrics/Gynecologist-Labour Ward,OBS-GYN-LW,NONSPECIALIST,FULLY_AUTOMATED,1200000
Anaesthesia Department,ANA-ENT,Anesthesiologist,ANAESTST,NONSPECIALIST,FULLY_AUTOMATED,1200000
Anaesthesia Department,ANA-ENT,Assistant Medical Officer,AMO,NONSPECIALIST,FULLY_AUTOMATED,1200000
Anaesthesia Department,ANA-ENT,Medical Officer,MO,NONSPECIALIST,FULLY_AUTOMATED,1200000
Anaesthesia Department,ANA-ENT,Assistance Nursing Officer,ANO,NONSPECIALIST,FULLY_AUTOMATED,1200000
Anaesthesia Department,ANA-ENT,Enrolled Nurse,EN,NONSPECIALIST,FULLY_AUTOMATED,1200000
Anaesthesia Department,ANA-ENT,Nursing Officer,NO,NONSPECIALIST,FULLY_AUTOMATED,1200000
DENTAL DEPARTMENT,DEN-ENT,Dental Laboratory Technologist,DLTECH,NONSPECIALIST,FULLY_AUTOMATED,1200000
DENTAL DEPARTMENT,DEN-ENT,Dental Officer,DO,NONSPECIALIST,USER_ASSISTED,1200000
DENTAL DEPARTMENT,DEN-ENT,Dental X-Ray Radiographer,DXRAYRAD,NONSPECIALIST,FULLY_AUTOMATED,1200000
DENTAL DEPARTMENT,DEN-ENT,Dental Scientific Officer,DSOFF,NONSPECIALIST,FULLY_AUTOMATED,1200000
DENTAL DEPARTMENT,DEN-ENT,Specialist Dental,SDENTAL,SPECIALIST,FULLY_AUTOMATED,1200000
DENTAL DEPARTMENT,DEN-ENT,Enrolled Nurse,EN,NONSPECIALIST,FULLY_AUTOMATED,1200000
Opthalmology Department,OPT-ENT,Clinical Optometrist,CLOPT,NONSPECIALIST,FULLY_AUTOMATED,1200000
Opthalmology Department,OPT-ENT,Specialist Glaucoma,SGLAU,SPECIALIST,FULLY_AUTOMATED,1200000
Opthalmology Department,OPT-ENT,Specialist Oculoplastic,SOCULO,SPECIALIST,FULLY_AUTOMATED,1200000
Opthalmology Department,OPT-ENT,Opthalmologist,OPTHST,NONSPECIALIST,FULLY_AUTOMATED,1200000
Opthalmology Department,OPT-ENT,Paediatric Ophthalmologist and Strabismus,PAEOPTHSTRB,NONSPECIALIST,FULLY_AUTOMATED,1200000
FEMALE MEDICAL WARD,FEM-ARD,Assistance Nursing Officer,ANO,NONSPECIALIST,FULLY_AUTOMATED,1200000
FEMALE MEDICAL WARD,FEM-ARD,Medical Attendant,MA,NONSPECIALIST,USER_ASSISTED,1200000
FEMALE MEDICAL WARD,FEM-ARD,Medical Officer,MO,NONSPECIALIST,FULLY_AUTOMATED,1200000
FEMALE MEDICAL WARD,FEM-ARD,Nursing Officer,NO,NONSPECIALIST,FULLY_AUTOMATED,1200000
FEMALE MEDICAL WARD,FEM-ARD,Specialist Physician,SIM,SPECIALIST,FULLY_AUTOMATED,1200000
MALE MEDICAL WARD,MAL-ARD,Assistance Nursing Officer,ANO,NONSPECIALIST,FULLY_AUTOMATED,1200000
MALE MEDICAL WARD,MAL-ARD,Medical Attendant,MA,NONSPECIALIST,USER_ASSISTED,1200000
MALE MEDICAL WARD,MAL-ARD,Medical Officer,MO,NONSPECIALIST,FULLY_AUTOMATED,1200000
MALE MEDICAL WARD,MAL-ARD,Nursing Officer,NO,NONSPECIALIST,FULLY_AUTOMATED,1200000
MALE MEDICAL WARD,MAL-ARD,Specialist Physician,SIM,SPECIALIST,FULLY_AUTOMATED,1200000
Surgical Ward,SGW,Medical Officer,MO,NONSPECIALIST,FULLY_AUTOMATED,1200000
Surgical Ward,SGW,Specialist Surgeon,SS-G,SPECIALIST,FULLY_AUTOMATED,1200000
Surgical Ward,SGW,Assistance Nursing Officer,ANO,NONSPECIALIST,FULLY_AUTOMATED,1200000
Surgical Ward,SGW,Medical Attendant,MA,NONSPECIALIST,USER_ASSISTED,1200000
Surgical Ward,SGW,Nursing Officer,NO,NONSPECIALIST,FULLY_AUTOMATED,1200000
ORTHOPAEDIC WARD,ORT-ARD,Assistance Nursing Officer,ANO,NONSPECIALIST,FULLY_AUTOMATED,1200000
ORTHOPAEDIC WARD,ORT-ARD,Medical Attendant,MA,NONSPECIALIST,USER_ASSISTED,1200000
ORTHOPAEDIC WARD,ORT-ARD,Medical Officer,MO,NONSPECIALIST,FULLY_AUTOMATED,1200000
ORTHOPAEDIC WARD,ORT-ARD,Nursing Officer,NO,NONSPECIALIST,FULLY_AUTOMATED,1200000
ORTHOPAEDIC WARD,ORT-ARD,Specialist Orthopaedic,SORTHOP,SPECIALIST,FULLY_AUTOMATED,1200000
NHIF WARD,NHI-ARD,Assistance Nursing Officer,ANO,NONSPECIALIST,FULLY_AUTOMATED,1200000
NHIF WARD,NHI-ARD,Medical Attendant,MA,NONSPECIALIST,USER_ASSISTED,1200000
NHIF WARD,NHI-ARD,Medical Officer,MO,NONSPECIALIST,FULLY_AUTOMATED,1200000
NHIF WARD,NHI-ARD,Nursing Officer,NO,NONSPECIALIST,FULLY_AUTOMATED,1200000
NHIF WARD,NHI-ARD,Specialist Physician,SIM,SPECIALIST,FULLY_AUTOMATED,1200000
Management,MGMT,Deputy Executive Director,DED,NONSPECIALIST,FULLY_AUTOMATED,1200000
Management,MGMT,Director Hospital Service,DHS,NONSPECIALIST,FULLY_AUTOMATED,1200000
Management,MGMT,Director Human Resource and Administration,DHRADM,NONSPECIALIST,FULLY_AUTOMATED,1200000
Management,MGMT,Director Finance,DFINANCE,NONSPECIALIST,FULLY_AUTOMATED,1200000
Management,MGMT,Director of Nursing Services,DNS,NONSPECIALIST,USER_ASSISTED,1200000
Management,MGMT,Provost,PROVOST,NONSPECIALIST,FULLY_AUTOMATED,1200000
Management,MGMT,Director Research and Training,DRTRAINING,NONSPECIALIST,FULLY_AUTOMATED,1200000
Management,MGMT,Human Resource Officer,HRO,NONSPECIALIST,USER_ASSISTED,1200000
Management,MGMT,Personal Secretary,PS,NONSPECIALIST,USER_ASSISTED,1200000
Management,MGMT,Office Attendant,OFFATT,NONSPECIALIST,FULLY_AUTOMATED,1200000
Management,MGMT,Receptionist,REC,NONSPECIALIST,USER_ASSISTED,1200000
Management,MGMT,Telephone Operator,TO,NONSPECIALIST,USER_ASSISTED,1200000
Information Communication Technology,INF-OGY,ICT Officer,ICTO,NONSPECIALIST,USER_ASSISTED,1200000
Information Communication Technology,INF-OGY,ICT Technician,IT,NONSPECIALIST,USER_ASSISTED,1200000
Information Communication Technology,INF-OGY,Data Entry Clerks,DECLK,NONSPECIALIST,FULLY_AUTOMATED,1200000
Finance,FIN-NCE,Chief Accountant,CACC,NONSPECIALIST,FULLY_AUTOMATED,1200000
Finance,FIN-NCE,Accountant,AC,NONSPECIALIST,USER_ASSISTED,1200000
Finance,FIN-NCE,Accounts Assistant,ACCA,NONSPECIALIST,FULLY_AUTOMATED,1200000
Finance,FIN-NCE,Personal Secretary,PS,NONSPECIALIST,USER_ASSISTED,1200000
Procurement and Supplies,PRS,Procurement & Supplies Officer,PSO,NONSPECIALIST,USER_ASSISTED,1200000
Procurement and Supplies,PRS,Assistant Procurement & Supplies Officer,APSO,NONSPECIALIST,USER_ASSISTED,1200000
Internal Auditing,INT-ING,Chief Internal Auditor,CIAUD,NONSPECIALIST,FULLY_AUTOMATED,1200000
Internal Auditing,INT-ING,Auditor,AUDITOR,NONSPECIALIST,FULLY_AUTOMATED,1200000
Social Welfare,SOC-ARE,Social Welfare Officer,SWO,NONSPECIALIST,USER_ASSISTED,1200000
Public Relations,PUB-ONS,Public Relations Officer,PRO,NONSPECIALIST,USER_ASSISTED,1200000
Legal,LEG-GAL,Legal Officer,LO,NONSPECIALIST,USER_ASSISTED,1200000
Maintenance,MAI-NCE,Biomedical Engineer,BE,NONSPECIALIST,USER_ASSISTED,1200000
Maintenance,MAI-NCE,Biomedical technician,BMT,NONSPECIALIST,USER_ASSISTED,1200000
Maintenance,MAI-NCE,Civil Engineer,CE,NONSPECIALIST,USER_ASSISTED,1200000
Maintenance,MAI-NCE,Electrical Engineer,EENG,NONSPECIALIST,FULLY_AUTOMATED,1200000
Maintenance,MAI-NCE,Mechanical Engineer,ME,NONSPECIALIST,USER_ASSISTED,1200000
Maintenance,MAI-NCE,Boiler Operator,BOPEATOR,NONSPECIALIST,FULLY_AUTOMATED,1200000
Maintenance,MAI-NCE,Mechanical Technician,MT,NONSPECIALIST,FULLY_AUTOMATED,1200000
Maintenance,MAI-NCE,Plumber,PLUMBER,NONSPECIALIST,FULLY_AUTOMATED,1200000
Maintenance,MAI-NCE,Health Assistant (Incinerator),HA,NONSPECIALIST,FULLY_AUTOMATED,1200000
Laundry,LAU-DRY,Dhobi,DHOBI,NONSPECIALIST,FULLY_AUTOMATED,1200000
Catering,CAT,Nutritionist,NUST,NONSPECIALIST,FULLY_AUTOMATED,1200000
Catering,CAT,Catering Officer,CATO,NONSPECIALIST,USER_ASSISTED,1200000
Catering,CAT,Cook,COK,NONSPECIALIST,USER_ASSISTED,1200000
Catering,CAT,Kitchen Attendant,KA,NONSPECIALIST,USER_ASSISTED,1200000
Transport,TR,Transport officer,TRO,NONSPECIALIST,USER_ASSISTED,1200000
Transport,TR,Drivers,DR,NONSPECIALIST,USER_ASSISTED,1200000
Tailoring,TAI-ING,Tailor,TAILOR,NONSPECIALIST,FULLY_AUTOMATED,1200000
Security,SEC-ITY,Security Guard,SG,NONSPECIALIST,USER_ASSISTED,1200000
Occupational Therapy Department,OCC-ENT,Ocupetional therapist,OCCTHP,NONSPECIALIST,FULLY_AUTOMATED,1200000
Pharmacy Department,PHA-ENT,Pharmacist,PH,NONSPECIALIST,FULLY_AUTOMATED,1200000
Pharmacy Department,PHA-ENT,Pharmaceutical Technician,PHARMTECHN,NONSPECIALIST,FULLY_AUTOMATED,1200000
Pharmacy Department,PHA-ENT,Clinical Pharmacist,CLNPHARM,NONSPECIALIST,FULLY_AUTOMATED,1200000
Management,MGMT,Executive Director,EXDR,NONSPECIALIST,FULLY_AUTOMATED,1200000
Management,MGMT,Director Hospital Service,DHS,NONSPECIALIST,FULLY_AUTOMATED,1200000
Management,MGMT,Director of Corporate Service,DIRCORPS,NONSPECIALIST,FULLY_AUTOMATED,1200000
Management,MGMT,Director of Clinical Support Services,DCLSS,NONSPECIALIST,FULLY_AUTOMATED,1200000
Management,MGMT,Director Nursing Service,DNS,NONSPECIALIST,USER_ASSISTED,1200000
Management,MGMT,Director of Cardiovascular Surgery,DIRCARDSURG,NONSPECIALIST,FULLY_AUTOMATED,1200000
Management,MGMT,Director of Cardiology,DIRCARDIO,NONSPECIALIST,FULLY_AUTOMATED,1200000
Management,MGMT,"Head of Research,Training and Consultancy",HEADRSTCONS,NONSPECIALIST,FULLY_AUTOMATED,1200000
Management,MGMT,Head of Quality Assurance,HEADQUALITYASS,NONSPECIALIST,FULLY_AUTOMATED,1200000
Management,MGMT,Head of ICT,HICT,NONSPECIALIST,FULLY_AUTOMATED,1200000
Management,MGMT,Human Resource Officer,HRO,NONSPECIALIST,USER_ASSISTED,1200000
Management,MGMT,Personal Secretary,PS,NONSPECIALIST,USER_ASSISTED,1200000
Management,MGMT,Office Attendant,OFFATT,NONSPECIALIST,FULLY_AUTOMATED,1200000
Management,MGMT,Receptionist,REC,NONSPECIALIST,USER_ASSISTED,1200000
Management,MGMT,Telephone Operator,TO,NONSPECIALIST,USER_ASSISTED,1200000
Information Communication Technology,INF-OGY,ICT Officer,ICTO,NONSPECIALIST,USER_ASSISTED,1200000
Information Communication Technology,INF-OGY,ICT Technician,IT,NONSPECIALIST,USER_ASSISTED,1200000
Information Communication Technology,INF-OGY,Data Entry Clerks,DECLK,NONSPECIALIST,FULLY_AUTOMATED,1200000
Finance,FIN-NCE,Chief Accountant,CACC,NONSPECIALIST,FULLY_AUTOMATED,1200000
Finance,FIN-NCE,Accountant,AC,NONSPECIALIST,USER_ASSISTED,1200000
Finance,FIN-NCE,Accounts Assistant,ACCA,NONSPECIALIST,FULLY_AUTOMATED,1200000
Finance,FIN-NCE,Personal Secretary,PS,NONSPECIALIST,USER_ASSISTED,1200000
Procurement and Supplies,PRS,Procurement & Supplies Officer,PSO,NONSPECIALIST,USER_ASSISTED,1200000
Procurement and Supplies,PRS,Assistant Procurement & Supplies Officer,APSO,NONSPECIALIST,USER_ASSISTED,1200000
Internal Auditing,INT-ING,Chief Internal Auditor,CIAUD,NONSPECIALIST,FULLY_AUTOMATED,1200000
Internal Auditing,INT-ING,Auditor,AUDITOR,NONSPECIALIST,FULLY_AUTOMATED,1200000
Social Welfare,SOC-ARE,Social Welfare Officer,SWO,NONSPECIALIST,USER_ASSISTED,1200000
Public Relations,PUB-ONS,Public Relations Officer,PRO,NONSPECIALIST,USER_ASSISTED,1200000
Legal,LEG-GAL,Legal Officer,LO,NONSPECIALIST,USER_ASSISTED,1200000
Maintenance,MAI-NCE,Biomedical Engineer,BE,NONSPECIALIST,USER_ASSISTED,1200000
Maintenance,MAI-NCE,Biomedical technician,BMT,NONSPECIALIST,USER_ASSISTED,1200000
Maintenance,MAI-NCE,Civil Engineer,CE,NONSPECIALIST,USER_ASSISTED,1200000
Maintenance,MAI-NCE,Electrical Engineer,EENG,NONSPECIALIST,FULLY_AUTOMATED,1200000
Maintenance,MAI-NCE,Mechanical Engineer,ME,NONSPECIALIST,USER_ASSISTED,1200000
Maintenance,MAI-NCE,Boiler Operator,BOPEATOR,NONSPECIALIST,FULLY_AUTOMATED,1200000
Maintenance,MAI-NCE,Mechanics Technician,MECTECHN,NONSPECIALIST,FULLY_AUTOMATED,1200000
Maintenance,MAI-NCE,Plumber,PLUMBER,NONSPECIALIST,FULLY_AUTOMATED,1200000
Maintenance,MAI-NCE,Health Assistant,HA,NONSPECIALIST,FULLY_AUTOMATED,1200000
Laundry,LAU-DRY,Dhobi,DHOBI,NONSPECIALIST,FULLY_AUTOMATED,1200000
Catering,CAT,Nutritionist,NUST,NONSPECIALIST,FULLY_AUTOMATED,1200000
Catering,CAT,Catering Officer,CATO,NONSPECIALIST,USER_ASSISTED,1200000
Catering,CAT,Cook,COK,NONSPECIALIST,USER_ASSISTED,1200000
Catering,CAT,Kitchen Attendant,KA,NONSPECIALIST,USER_ASSISTED,1200000
Transport,TR,Transport officer,TRO,NONSPECIALIST,USER_ASSISTED,1200000
Transport,TR,Drivers,DR,NONSPECIALIST,USER_ASSISTED,1200000
Tailoring,TAI-ING,Tailor,TAILOR,NONSPECIALIST,FULLY_AUTOMATED,1200000
Security,SEC-ITY,Security Guard,SG,NONSPECIALIST,USER_ASSISTED,1200000
Radiology Service (Cardiovascular & General),RAD-AL,Cardiovascular Technician,CARDIOTECH,NONSPECIALIST,FULLY_AUTOMATED,1200000
Radiology Service (Cardiovascular & General),RAD-AL,Medical Record,MRECORD,NONSPECIALIST,FULLY_AUTOMATED,1200000
Radiology Service (Cardiovascular & General),RAD-AL,Radiographer,Rad,NONSPECIALIST,FULLY_AUTOMATED,1200000
Radiology Service (Cardiovascular & General),RAD-AL,Radiologist,Radio,NONSPECIALIST,FULLY_AUTOMATED,1200000
Radiology Service (Cardiovascular & General),RAD-AL,Sonographer,SONOGPH,NONSPECIALIST,FULLY_AUTOMATED,1200000
Laboratory Services,LAB-CES,Laboratory Scientist,LABSCN,NONSPECIALIST,FULLY_AUTOMATED,1200000
Laboratory Services,LAB-CES,Laboratory Technologist,LABTECH,NONSPECIALIST,FULLY_AUTOMATED,1200000
Laboratory Services,LAB-CES,Medical Record,MRECORD,NONSPECIALIST,FULLY_AUTOMATED,1200000
Laboratory Services,LAB-CES,Health Assistant,HA,NONSPECIALIST,FULLY_AUTOMATED,1200000
Pharmacy,PH,Clinical Pharmacist,CLNPHARM,NONSPECIALIST,FULLY_AUTOMATED,1200000
Pharmacy,PH,Pharmacist,PH,NONSPECIALIST,FULLY_AUTOMATED,1200000
Pharmacy,PH,Pharmaceutical Technologist,PCT,NONSPECIALIST,FULLY_AUTOMATED,1200000
Critical Care Unit (ICU),CRI-CU,Assistant Nursing Officer,ANO,NONSPECIALIST,FULLY_AUTOMATED,1200000
Critical Care Unit (ICU),CRI-CU,Nursing Officer,NO,NONSPECIALIST,FULLY_AUTOMATED,1200000
Cardiothoracic ICU (CCU),CAR-CU,Assistant Nursing Officer,ANO,NONSPECIALIST,FULLY_AUTOMATED,1200000
Cardiothoracic ICU (CCU),CAR-CU,Nursing Officer,NO,NONSPECIALIST,FULLY_AUTOMATED,1200000
Cardiothoracic ICU (CCU),CAR-CU,Medical Attendant,MA,NONSPECIALIST,USER_ASSISTED,1200000
Cath Lab - Adult Intervention,CAT-ION,Interventional Cardiologist,INTERVICARDIO,NONSPECIALIST,FULLY_AUTOMATED,1200000
Cath Lab - Adult Intervention,CAT-ION,Medical Officer,MO,NONSPECIALIST,FULLY_AUTOMATED,1200000
Cath Lab - Adult Intervention,CAT-ION,Specialist Physician,SIM,SPECIALIST,FULLY_AUTOMATED,1200000
Cath Lab - Adult Intervention,CAT-ION,Assistant Nursing Officer,ANO,NONSPECIALIST,FULLY_AUTOMATED,1200000
Cath Lab - Adult Intervention,CAT-ION,Nursing Officer,NO,NONSPECIALIST,FULLY_AUTOMATED,1200000
Cath Lab - Adult Intervention,CAT-ION,Cathlab Cardiovascular Technologist,CATHCARDTECH,NONSPECIALIST,FULLY_AUTOMATED,1200000
Cath Lab - Adult Intervention,CAT-ION,Medical Attendant,MA,NONSPECIALIST,USER_ASSISTED,1200000
Cath Lab - Paediatric Intervention,CAT-ION,Medical Officer,MO,NONSPECIALIST,FULLY_AUTOMATED,1200000
Cath Lab - Pediatric Intervention,CAT-ION,Specialist Pediatrician,SPED,SPECIALIST,FULLY_AUTOMATED,1200000
Cath Lab - Pediatric Intervention,CAT-ION,Specialist Pedriatric Intervention Cardiologist,SPECPEDINTERCARDIO,SPECIALIST,FULLY_AUTOMATED,1200000
Pediatric Intensive Unit (PICU),PED-CU,Assistant Nursing Officer,ANO,NONSPECIALIST,FULLY_AUTOMATED,1200000
Pediatric Intensive Unit (PICU),PED-CU,Nursing Officer,NO,NONSPECIALIST,FULLY_AUTOMATED,1200000
Pediatric Intensive Unit (PICU),PED-CU,Medical Attendant,MA,NONSPECIALIST,USER_ASSISTED,1200000
Theatre,TH,Assistant Nursing Officer,ANO,NONSPECIALIST,FULLY_AUTOMATED,1200000
Theatre,TH,Nursing Officer,NO,NONSPECIALIST,FULLY_AUTOMATED,1200000
Theatre,TH,Medical Attendant,MA,NONSPECIALIST,USER_ASSISTED,1200000
Ward 1 - Public Patients,WAR-NTS,Assistant Nursing Officer,ANO,NONSPECIALIST,FULLY_AUTOMATED,1200000
Ward 1 - Public Patients,WAR-NTS,Nursing Officer,NO,NONSPECIALIST,FULLY_AUTOMATED,1200000
Ward 1 - Public Patients,WAR-NTS,Medical Attendant,MA,NONSPECIALIST,USER_ASSISTED,1200000
Ward 2 - Adult Insurance,WAR-NCE,Assistant Nursing Officer,ANO,NONSPECIALIST,FULLY_AUTOMATED,1200000
Ward 2 - Adult Insurance,WAR-NCE,Nursing Officer,NO,NONSPECIALIST,FULLY_AUTOMATED,1200000
Ward 2 - Adult Insurance,WAR-NCE,Medical Attendant,MA,NONSPECIALIST,USER_ASSISTED,1200000
Ward 3 - Surgical,WAR-CAL,Assistant Nursing Officer,ANO,NONSPECIALIST,FULLY_AUTOMATED,1200000
Ward 3 - Surgical,WAR-CAL,Nursing Officer,NO,NONSPECIALIST,FULLY_AUTOMATED,1200000
Ward 3 - Surgical,WAR-CAL,Medical Attendant,MA,NONSPECIALIST,USER_ASSISTED,1200000
Ward 4 - Paediatric,WAR-RIC,Assistant Nursing Officer,ANO,NONSPECIALIST,FULLY_AUTOMATED,1200000
Ward 4 - Paediatric,WAR-RIC,Nursing Officer,NO,NONSPECIALIST,FULLY_AUTOMATED,1200000
Ward 4 - Paediatric,WAR-RIC,Medical Attendant,MA,NONSPECIALIST,USER_ASSISTED,1200000
Adult Cardiology,ADU-OGY,Specialist (Super) Cardiologist,SSC,SPECIALIST,FULLY_AUTOMATED,1200000
Adult Cardiology,ADU-OGY,Specialist Physician,SIM,SPECIALIST,FULLY_AUTOMATED,1200000
Adult Cardiology,ADU-OGY,Specialist Cardiologist,SPECCARDIO,SPECIALIST,FULLY_AUTOMATED,1200000
Adult Cardiology,ADU-OGY,Assistant Nursing Officer,ANO,NONSPECIALIST,FULLY_AUTOMATED,1200000
Adult Cardiology,ADU-OGY,Nursing Officer,NO,NONSPECIALIST,FULLY_AUTOMATED,1200000
Paediatric Cardiology,PAE-OGY,Specialist (Super) Cardiologist,SSC,SPECIALIST,FULLY_AUTOMATED,1200000
Surgical Services,SS,Adult Cardiac Surgeon,ADULTCARDSURGIO,NONSPECIALIST,FULLY_AUTOMATED,1200000
Surgical Services,SS,Adult Vescular Surgeon,ADULTVESCSURGIO,NONSPECIALIST,FULLY_AUTOMATED,1200000
Surgical Services,SS,General Surgeons,GEN SURG,NONSPECIALIST,FULLY_AUTOMATED,1200000
Surgical Services,SS,Medical Officer,MO,NONSPECIALIST,FULLY_AUTOMATED,1200000
Surgical Services,SS,Specialist Pediatric Cardiac Surgeon,SPECPEDCARDISURGIO,SPECIALIST,FULLY_AUTOMATED,1200000
Surgical Services,SS,Specialist Pediatric Cardiologist,SPECPEDCARDIO,SPECIALIST,FULLY_AUTOMATED,1200000
Surgical Services,SS,Specialist Pediatric Surgery Registrar,SPECPEDISURGREG,SPECIALIST,FULLY_AUTOMATED,1200000
Surgical Services,SS,Specialist Pediatrician,SPED,SPECIALIST,FULLY_AUTOMATED,1200000
Physiotherapy Unit,PHY-NIT,Physiotherapist,PHY,NONSPECIALIST,USER_ASSISTED,1200000
Physiotherapy Unit,PHY-NIT,Physiotherapist Officer - Intensive Care Unity,PHYTHERAICU,NONSPECIALIST,FULLY_AUTOMATED,1200000
Physiotherapy Unit,PHY-NIT,Physiotherapist Officer - OPD,PHYSIOPD,NONSPECIALIST,FULLY_AUTOMATED,1200000
Physiotherapy Unit,PHY-NIT,Physiotherapist Officer - Wards,PHYWARD,NONSPECIALIST,FULLY_AUTOMATED,1200000
OPD General,OPD-RAL,Specialist Physician,SIM,SPECIALIST,FULLY_AUTOMATED,1200000
OPD General,OPD-RAL,Specialist Pediatrician,SPED,SPECIALIST,FULLY_AUTOMATED,1200000
OPD General,OPD-RAL,Super Specialist Infectious Disease,SSINFD,SPECIALIST,FULLY_AUTOMATED,1200000
OPD General,OPD-RAL,Medical Officer,MO,NONSPECIALIST,FULLY_AUTOMATED,1200000
OPD General,OPD-RAL,Nursing Officer,NO,NONSPECIALIST,FULLY_AUTOMATED,1200000
OPD General,OPD-RAL,Assistance Nursing Officer,ANO,NONSPECIALIST,FULLY_AUTOMATED,1200000
OPD General,OPD-RAL,Medical Attendant,MA,NONSPECIALIST,USER_ASSISTED,1200000
Radiology & Imaging,RAD-ING,Medical Attendant,MA,NONSPECIALIST,USER_ASSISTED,1200000
Radiology & Imaging,RAD-ING,Radiographer,Rad,NONSPECIALIST,FULLY_AUTOMATED,1200000
Radiology & Imaging,RAD-ING,Radiologist,Radio,NONSPECIALIST,FULLY_AUTOMATED,1200000
Radiology & Imaging,RAD-ING,Sonographer,SONOGPH,NONSPECIALIST,FULLY_AUTOMATED,1200000
LABORATORY UNIT,LAB-NIT,Biostatistician,BSTAT,NONSPECIALIST,FULLY_AUTOMATED,1200000
LABORATORY UNIT,LAB-NIT,Data Clerk,DC,NONSPECIALIST,USER_ASSISTED,1200000
LABORATORY UNIT,LAB-NIT,Laboratory Scientists,LS,NONSPECIALIST,FULLY_AUTOMATED,1200000
LABORATORY UNIT,LAB-NIT,Laboratory Technician,LTN,NONSPECIALIST,FULLY_AUTOMATED,1200000
LABORATORY UNIT,LAB-NIT,Health Assistant,HA,NONSPECIALIST,FULLY_AUTOMATED,1200000
LABORATORY UNIT,LAB-NIT,Laboratory Technologists,LAT,NONSPECIALIST,FULLY_AUTOMATED,1200000
Mortuary,MO,Mortuary Attendant,MORTATT,NONSPECIALIST,FULLY_AUTOMATED,1200000
Medical Records,MR,Assistant Medical Record,AMRECORD,NONSPECIALIST,FULLY_AUTOMATED,1200000
Medical Records,MR,Computer Operator,CO,NONSPECIALIST,USER_ASSISTED,1200000
Medical Records,MR,Medical Attendant,MA,NONSPECIALIST,USER_ASSISTED,1200000
Medical Records,MR,Medical Record Technician,MRTECHN,NONSPECIALIST,FULLY_AUTOMATED,1200000
Pharmacy,PH,Assistant Phamaceutical,ASSISTPHARM,NONSPECIALIST,FULLY_AUTOMATED,1200000
Pharmacy,PH,Medical Attendant,MA,NONSPECIALIST,USER_ASSISTED,1200000
Pharmacy,PH,Pharmaceutical Technologist,PCT,NONSPECIALIST,FULLY_AUTOMATED,1200000
Pharmacy,PH,Pharmacist,PH,NONSPECIALIST,FULLY_AUTOMATED,1200000
Theatre,TH,Assistance Nursing Officer,ANO,NONSPECIALIST,FULLY_AUTOMATED,1200000
Theatre,TH,Enrolled Nurse,EN,NONSPECIALIST,FULLY_AUTOMATED,1200000
Theatre,TH,Medical Attendant,MA,NONSPECIALIST,USER_ASSISTED,1200000
Theatre,TH,Nursing Officer,NO,NONSPECIALIST,FULLY_AUTOMATED,1200000
Anesthesia,ANE,Specialist Anesthesiologist,SPA,SPECIALIST,FULLY_AUTOMATED,1200000
Anesthesia,ANE,Medical Officer,MO,NONSPECIALIST,FULLY_AUTOMATED,1200000
CTC,CTC,Assistance Nursing Officer,ANO,NONSPECIALIST,FULLY_AUTOMATED,1200000
CTC,CTC,Data Clerk,DC,NONSPECIALIST,USER_ASSISTED,1200000
CTC,CTC,Enrolled Nurse,EN,NONSPECIALIST,FULLY_AUTOMATED,1200000
CTC,CTC,Medical Attendant,MA,NONSPECIALIST,USER_ASSISTED,1200000
CTC,CTC,Nursing Officer,NO,NONSPECIALIST,FULLY_AUTOMATED,1200000
Procurement,PRO-ENT,Supplies Officer,SUPPLYOFFICER,NONSPECIALIST,FULLY_AUTOMATED,1200000
Procurement,PRO-ENT,Assistant Supplies Officer,ASO,NONSPECIALIST,USER_ASSISTED,1200000
Procurement,PRO-ENT,Health Assistant,HA,NONSPECIALIST,FULLY_AUTOMATED,1200000
Maintenance,MAI-NCE,Bio-Medical Engineering,BIOME,NONSPECIALIST,FULLY_AUTOMATED,1200000
Maintenance,MAI-NCE,Bio-Medical Technician,BIOMETECHN,NONSPECIALIST,FULLY_AUTOMATED,1200000
Administration,ADM-ION,Health Secretary,HS,NONSPECIALIST,USER_ASSISTED,1200000
Administration,ADM-ION,Human Resource Officer,HRO,NONSPECIALIST,USER_ASSISTED,1200000
Administration,ADM-ION,Personal Secretary,PS,NONSPECIALIST,USER_ASSISTED,1200000
Administration,ADM-ION,Telephone operator,TO,NONSPECIALIST,USER_ASSISTED,1200000
Administration,ADM-ION,Assistant Environmental Health Officer,ASSENVHO,NONSPECIALIST,FULLY_AUTOMATED,1200000
Environmental Health,ENV-LTH,Environmental Health Officer,EHO,NONSPECIALIST,USER_ASSISTED,1200000
Environmental Health,ENV-LTH,Assistant Environmental Health Officer,ASSENVHO,NONSPECIALIST,FULLY_AUTOMATED,1200000
Transport,TR,Drivers,DR,NONSPECIALIST,USER_ASSISTED,1200000
Maintenance,MAI-NCE,Technician,TECH,NONSPECIALIST,USER_ASSISTED,1200000
Maintenance,MAI-NCE,Artisan,ART,NONSPECIALIST,USER_ASSISTED,1200000
Nutrition,NUT-ION,Nutritionist,NUST,NONSPECIALIST,FULLY_AUTOMATED,1200000
Catering services,CAT-CES,Catering Officer,CATO,NONSPECIALIST,USER_ASSISTED,1200000
Catering services,CAT-CES,Cook,COK,NONSPECIALIST,USER_ASSISTED,1200000
Catering services,CAT-CES,Health Assistant,HA,NONSPECIALIST,FULLY_AUTOMATED,1200000
Laundry,LAU-DRY,Dhobi,DHOBI,NONSPECIALIST,FULLY_AUTOMATED,1200000
Finance and Accounting,FIN-ING,Accountant,AC,NONSPECIALIST,USER_ASSISTED,1200000
Finance and Accounting,FIN-ING,Assistant Accountant,AAC,NONSPECIALIST,USER_ASSISTED,1200000
Finance and Accounting,FIN-ING,Accounts Assistant,ACCA,NONSPECIALIST,FULLY_AUTOMATED,1200000
Information Technology,IT,ICT Technician,IT,NONSPECIALIST,USER_ASSISTED,1200000
Social Welfare,SOC-ARE,Social Welfare Officer,SWO,NONSPECIALIST,USER_ASSISTED,1200000
Bronchoscope Services,BRO-CES,Assistance Nursing Officer,ANO,NONSPECIALIST,FULLY_AUTOMATED,1200000
Bronchoscope Services,BRO-CES,Health Assistant,HA,NONSPECIALIST,FULLY_AUTOMATED,1200000
MDR  TB Isolation Ward,MDR-ARD,Nursing Officer,NO,NONSPECIALIST,FULLY_AUTOMATED,1200000
MDR  TB Isolation Ward,MDR-ARD,Assistance Nursing Officer,ANO,NONSPECIALIST,FULLY_AUTOMATED,1200000
MDR  TB Isolation Ward,MDR-ARD,Health Assistant,HA,NONSPECIALIST,FULLY_AUTOMATED,1200000
Proposed ICU,PRO-ICU,Nursing Officer,NO,NONSPECIALIST,FULLY_AUTOMATED,1200000
Proposed ICU,PRO-ICU,Assistance Nursing Officer,ANO,NONSPECIALIST,FULLY_AUTOMATED,1200000
Casualty and Emergency services,CAS-CES,Nursing Officer,NO,NONSPECIALIST,FULLY_AUTOMATED,1200000
Casualty and Emergency services,CAS-CES,Assistance Nursing Officer,ANO,NONSPECIALIST,FULLY_AUTOMATED,1200000
Casualty and Emergency services,CAS-CES,Health Assistant,HA,NONSPECIALIST,FULLY_AUTOMATED,1200000
Ward AB/ Pediatric ward,WAR-ARD,Nursing Officer,NO,NONSPECIALIST,FULLY_AUTOMATED,1200000
Ward AB/ Pediatric ward,WAR-ARD,Assistance Nursing Officer,ANO,NONSPECIALIST,FULLY_AUTOMATED,1200000
Ward AB/ Pediatric ward,WAR-ARD,Health Assistant,HA,NONSPECIALIST,FULLY_AUTOMATED,1200000
Ward CD,WAR- CD,Nursing Officer,NO,NONSPECIALIST,FULLY_AUTOMATED,1200000
Ward CD,WAR- CD,Assistance Nursing Officer,ANO,NONSPECIALIST,FULLY_AUTOMATED,1200000
Ward CD,WAR- CD,Health Assistant,HA,NONSPECIALIST,FULLY_AUTOMATED,1200000
Ward EF,WAR- EF,Nursing Officer,NO,NONSPECIALIST,FULLY_AUTOMATED,1200000
Ward EF,WAR- EF,Assistance Nursing Officer,ANO,NONSPECIALIST,FULLY_AUTOMATED,1200000
Ward EF,WAR- EF,Health Assistant,HA,NONSPECIALIST,FULLY_AUTOMATED,1200000
Ward GH,WAR- GH,Nursing Officer,NO,NONSPECIALIST,FULLY_AUTOMATED,1200000
Ward GH,WAR- GH,Assistance Nursing Officer,ANO,NONSPECIALIST,FULLY_AUTOMATED,1200000
Ward GH,WAR- GH,Health Assistant,HA,NONSPECIALIST,FULLY_AUTOMATED,1200000
Ward IJ,WAR- IJ,Nursing Officer,NO,NONSPECIALIST,FULLY_AUTOMATED,1200000
Ward IJ,WAR- IJ,Assistance Nursing Officer,ANO,NONSPECIALIST,FULLY_AUTOMATED,1200000
Ward IJ,WAR- IJ,Health Assistant,HA,NONSPECIALIST,FULLY_AUTOMATED,1200000
Ward KL,WAR- KL,Nursing Officer,NO,NONSPECIALIST,FULLY_AUTOMATED,1200000
Ward KL,WAR- KL,Assistance Nursing Officer,ANO,NONSPECIALIST,FULLY_AUTOMATED,1200000
Ward KL,WAR- KL,Health Assistant,HA,NONSPECIALIST,FULLY_AUTOMATED,1200000
MDR - TB Convalescence Ward,MDR-ARD,Nursing Officer,NO,NONSPECIALIST,FULLY_AUTOMATED,1200000
MDR - TB Convalescence Ward,MDR-ARD,Assistance Nursing Officer,ANO,NONSPECIALIST,FULLY_AUTOMATED,1200000
MDR - TB Convalescence Ward,MDR-ARD,Health Assistant,HA,NONSPECIALIST,FULLY_AUTOMATED,1200000
TB Clinic,TB -NIC,Nursing Officer,NO,NONSPECIALIST,FULLY_AUTOMATED,1200000
MDR TB Clinic,MDR-NIC,Nursing Officer,NO,NONSPECIALIST,FULLY_AUTOMATED,1200000
MDR TB Clinic,MDR-NIC,Assistance Nursing Officer,ANO,NONSPECIALIST,FULLY_AUTOMATED,1200000
MDR TB Clinic,MDR-NIC,Health Assistant,HA,NONSPECIALIST,FULLY_AUTOMATED,1200000
TB HIV Clinic,TB -NIC,Nursing Officer,NO,NONSPECIALIST,FULLY_AUTOMATED,1200000
TB HIV Clinic,TB -NIC,Assistance Nursing Officer,ANO,NONSPECIALIST,FULLY_AUTOMATED,1200000
TB HIV Clinic,TB -NIC,Health Assistant,HA,NONSPECIALIST,FULLY_AUTOMATED,1200000
EMD Block,EMD-OCK,Specialist Orthopaedic Surgeon,SORTHPSGN,SPECIALIST,FULLY_AUTOMATED,1200000
EMD Block,EMD-OCK,Specialist Paediatrician,PA,SPECIALIST,FULLY_AUTOMATED,1200000
EMD Block,EMD-OCK,Specialist Physician,SIM,SPECIALIST,FULLY_AUTOMATED,1200000
EMD Block,EMD-OCK,Specialist Surgeon,SS-G,SPECIALIST,FULLY_AUTOMATED,1200000
General Block,GEN-OCK,Specialist Orthopaedic Surgeon,SORTHPSGN,SPECIALIST,FULLY_AUTOMATED,1200000
General Block,GEN-OCK,Specialist Physician,SIM,SPECIALIST,FULLY_AUTOMATED,1200000
General Block,GEN-OCK,Specialist General Surgeon,GS,SPECIALIST,FULLY_AUTOMATED,1200000
General Block,GEN-OCK,Super Specialist Orthopaedic,SSORTH,SPECIALIST,FULLY_AUTOMATED,1200000
Operating Theatre Block,OPE-OCK,Specialist Anesthesiologist,SPA,SPECIALIST,FULLY_AUTOMATED,1200000
Administration,ADM-ION,Director of Hospital Services,DIRHOSPS,NONSPECIALIST,FULLY_AUTOMATED,1200000
Administration,ADM-ION,Hospital Matron,HSPMATRON,NONSPECIALIST,FULLY_AUTOMATED,1200000
Administration,ADM-ION,Director of Hospital Services,DIRHOSPS,NONSPECIALIST,FULLY_AUTOMATED,1200000
Administration,ADM-ION,Hospital Matron,HSPMATRON,NONSPECIALIST,FULLY_AUTOMATED,1200000
Administration,ADM-ION,Health secretary,HS,NONSPECIALIST,USER_ASSISTED,1200000
Library Services,LIB-CES,Librarian Attendant,LIBATT,NONSPECIALIST,FULLY_AUTOMATED,1200000
Library Services,LIB-CES,Assistant Librarian,LIBASS,NONSPECIALIST,FULLY_AUTOMATED,1200000
Library Services,LIB-CES,Personal secretary,PS,NONSPECIALIST,USER_ASSISTED,1200000
Finance,FIN-NCE,Accountant,AC,NONSPECIALIST,USER_ASSISTED,1200000
Finance,FIN-NCE,Assistant Accountant,AAC,NONSPECIALIST,USER_ASSISTED,1200000
Finance,FIN-NCE,Accounts Assistant,ACCA,NONSPECIALIST,FULLY_AUTOMATED,1200000
Transport,TR,Drivers,DR,NONSPECIALIST,USER_ASSISTED,1200000
Catering,CAT,Catering Officer,CATO,NONSPECIALIST,USER_ASSISTED,1200000
Catering,CAT,Cook,COK,NONSPECIALIST,USER_ASSISTED,1200000
Laundry,LAU-DRY,Dhobi,DHOBI,NONSPECIALIST,FULLY_AUTOMATED,1200000
Maintenance,MAI-NCE,Biomedical Technician,BMT,NONSPECIALIST,USER_ASSISTED,1200000
Maintenance,MAI-NCE,Office attendant,OFFATT,NONSPECIALIST,FULLY_AUTOMATED,1200000
General registry,GEN-TRY,Records Management Assistant,RECMANASS,NONSPECIALIST,FULLY_AUTOMATED,1200000
Physiotherapy,Phy,Physiotherapist,PHY,NONSPECIALIST,USER_ASSISTED,1200000
Physiotherapy,Phy,Assistant Physiotherapist,ASSPHYSIOTHER,NONSPECIALIST,FULLY_AUTOMATED,1200000
Physiotherapy,Phy,Health Assistant,HA,NONSPECIALIST,FULLY_AUTOMATED,1200000
Occupational Therapy,OCC-APY,Occupational therapist,OCCTHP,NONSPECIALIST,FULLY_AUTOMATED,1200000
Occupational Therapy,OCC-APY,Assistant O/T,Assistant O/T,NONSPECIALIST,FULLY_AUTOMATED,1200000
Occupational Therapy,OCC-APY,Carpenter,CARPENTER,NONSPECIALIST,FULLY_AUTOMATED,1200000
Occupational Therapy,OCC-APY,Tailor,TAILOR,NONSPECIALIST,FULLY_AUTOMATED,1200000
Occupational Therapy,OCC-APY,Assistant Agricultural Officer,ASSAGRO,NONSPECIALIST,FULLY_AUTOMATED,1200000
Optometry,OPT-TRY,Optometry Assistant,OPTIASS,NONSPECIALIST,FULLY_AUTOMATED,1200000
X-ray,X-R-RAY,Radiologist,Radio,NONSPECIALIST,FULLY_AUTOMATED,1200000
X-ray,X-R-RAY,Radiographer,Rad,NONSPECIALIST,FULLY_AUTOMATED,1200000
EEG,EEG-EEG,Assistance Nursing Officer,ANO,NONSPECIALIST,FULLY_AUTOMATED,1200000
Ultrasound,ULT-UND,Sonographer,SONOGPH,NONSPECIALIST,FULLY_AUTOMATED,1200000
Ultrasound,ULT-UND,Health Assistant,HA,NONSPECIALIST,FULLY_AUTOMATED,1200000
Mortuary,MO,Mortuary Attendant,MORTATT,NONSPECIALIST,FULLY_AUTOMATED,1200000
Social Welfare,SOC-ARE,Social Welfare Officer,SWO,NONSPECIALIST,USER_ASSISTED,1200000
Occupational therapy Rehabilitation services,OCC-CES,Occupational therapist,OCCTHP,NONSPECIALIST,FULLY_AUTOMATED,1200000
Occupational therapy Rehabilitation services,OCC-CES,Assistant occupational Therapist,ASSOCCTHERA,NONSPECIALIST,FULLY_AUTOMATED,1200000
Occupational therapy Rehabilitation services,OCC-CES,Assistant Technician - Mason,MASON,NONSPECIALIST,FULLY_AUTOMATED,1200000
Occupational therapy Rehabilitation services,OCC-CES,Assistant Technician - Tailor,ASSTECHTAILOR,NONSPECIALIST,FULLY_AUTOMATED,1200000
Occupational therapy Rehabilitation services,OCC-CES,Assistant Technician - Plumbing,ASSTECHPLUMB,NONSPECIALIST,FULLY_AUTOMATED,1200000
Occupational therapy Rehabilitation services,OCC-CES,Assistant Technician - Electrical,ASSTECHELECT,NONSPECIALIST,FULLY_AUTOMATED,1200000
Occupational therapy Rehabilitation services,OCC-CES,Assistant Technician - Carpentry,ASSTCHC,NONSPECIALIST,FULLY_AUTOMATED,1200000
Occupational therapy Rehabilitation services,OCC-CES,Assistant technician - Welding,ASSTECHW,NONSPECIALIST,FULLY_AUTOMATED,1200000
Occupational therapy Rehabilitation services,OCC-CES,Assistant Technician - Paint,ASSTECHP,NONSPECIALIST,FULLY_AUTOMATED,1200000
Occupational therapy Rehabilitation services,OCC-CES,Agricultural Field Assistant,AGFASS,NONSPECIALIST,FULLY_AUTOMATED,1200000
Occupational therapy Rehabilitation services,OCC-CES,Assistant technician - Shoe making,ATECHNSM,NONSPECIALIST,FULLY_AUTOMATED,1200000
Environment,ENV,Environmental Health Officer,EHO,NONSPECIALIST,USER_ASSISTED,1200000
Environment,ENV,Assistant Environmental Health Officer,ASSENVHO,NONSPECIALIST,FULLY_AUTOMATED,1200000
Nutrition,NUT-ION,Nutritionist,NUST,NONSPECIALIST,FULLY_AUTOMATED,1200000
General Clinic,GEN-NIC,Specialist Psychiatrist,SPSY,SPECIALIST,FULLY_AUTOMATED,1200000
General Clinic,GEN-NIC,Medical Officer,MO,NONSPECIALIST,FULLY_AUTOMATED,1200000
General Clinic,GEN-NIC,Nursing Officer,NO,NONSPECIALIST,FULLY_AUTOMATED,1200000
General Clinic,GEN-NIC,Assistance Nursing Officer,ANO,NONSPECIALIST,FULLY_AUTOMATED,1200000
General Clinic,GEN-NIC,Medical Record,MRECORD,NONSPECIALIST,FULLY_AUTOMATED,1200000
General Clinic,GEN-NIC,Data Entry Operator,DEOP,NONSPECIALIST,FULLY_AUTOMATED,1200000
General Clinic,GEN-NIC,Health Assistant,HA,NONSPECIALIST,FULLY_AUTOMATED,1200000
"Emergency 
 Psychiatric Clinic",EME-NIC,Nursing Officer,NO,NONSPECIALIST,FULLY_AUTOMATED,1200000
"Emergency 
 Psychiatric Clinic",EME-NIC,Assistance Nursing Officer,ANO,NONSPECIALIST,FULLY_AUTOMATED,1200000
"Emergency 
 Psychiatric Clinic",EME-NIC,Health Assistant,HA,NONSPECIALIST,FULLY_AUTOMATED,1200000
CTC/TB/HIV Services,CTC-CES,Nursing Officer,NO,NONSPECIALIST,FULLY_AUTOMATED,1200000
CTC/TB/HIV Services,CTC-CES,Assistance Nursing Officer,ANO,NONSPECIALIST,FULLY_AUTOMATED,1200000
CTC/TB/HIV Services,CTC-CES,Health Assistant,HA,NONSPECIALIST,FULLY_AUTOMATED,1200000
Minor Theatre,MIN-TRE,Assistance Nursing Officer,ANO,NONSPECIALIST,FULLY_AUTOMATED,1200000
Minor Theatre,MIN-TRE,Health Assistant,HA,NONSPECIALIST,FULLY_AUTOMATED,1200000
Central Sterilization Supplies,CEN-IES,Health Assistant,HA,NONSPECIALIST,FULLY_AUTOMATED,1200000
Community Psychiatry Clinic,COM-NIC,Psychologist,PSYCO,NONSPECIALIST,FULLY_AUTOMATED,1200000
Community Psychiatry Clinic,COM-NIC,Nursing Officer,NO,NONSPECIALIST,FULLY_AUTOMATED,1200000
Community Psychiatry Clinic,COM-NIC,Assistance Nursing Officer,ANO,NONSPECIALIST,FULLY_AUTOMATED,1200000
Community Psychiatry Clinic,COM-NIC,Health Assistant,HA,NONSPECIALIST,FULLY_AUTOMATED,1200000
"Child and 
 Adolescent 
 Psychiatry Clinic",CHI-NIC,Nursing Officer,NO,NONSPECIALIST,FULLY_AUTOMATED,1200000
CBT Clinic,CBT-NIC,Psychologist,PSYCO,NONSPECIALIST,FULLY_AUTOMATED,1200000
CBT Clinic,CBT-NIC,Nursing Officer,NO,NONSPECIALIST,FULLY_AUTOMATED,1200000
CBT Clinic,CBT-NIC,Assistance Nursing Officer,ANO,NONSPECIALIST,FULLY_AUTOMATED,1200000
CBT Clinic,CBT-NIC,Health Assistant,HA,NONSPECIALIST,FULLY_AUTOMATED,1200000
Dental Clinic,DEN-NIC,Dental Officer,DO,NONSPECIALIST,USER_ASSISTED,1200000
Dental Clinic,DEN-NIC,Assistant Dental Officer,ADO,NONSPECIALIST,USER_ASSISTED,1200000
Dental Clinic,DEN-NIC,Assistance Nursing Officer,ANO,NONSPECIALIST,FULLY_AUTOMATED,1200000
Dental Clinic,DEN-NIC,Health Assistant,HA,NONSPECIALIST,FULLY_AUTOMATED,1200000
VCT Clinic,VCT-NIC,Nursing Officer,NO,NONSPECIALIST,FULLY_AUTOMATED,1200000
VCT Clinic,VCT-NIC,Assistance Nursing Officer,ANO,NONSPECIALIST,FULLY_AUTOMATED,1200000
VCT Clinic,VCT-NIC,Health Assistant,HA,NONSPECIALIST,FULLY_AUTOMATED,1200000
"WARD NO 2 
 [Serving mental 
 Patient with 
 Physical 
 Infection]",WAR-ON,Medical Officer,MO,NONSPECIALIST,FULLY_AUTOMATED,1200000
"WARD NO 2 
 [Serving mental 
 Patient with 
 Physical 
 Infection]",WAR-ON,Nursing Officer,NO,NONSPECIALIST,FULLY_AUTOMATED,1200000
"WARD NO 2 
 [Serving mental 
 Patient with 
 Physical 
 Infection]",WAR-ON,Assistance Nursing Officer,ANO,NONSPECIALIST,FULLY_AUTOMATED,1200000
"WARD NO 2 
 [Serving mental 
 Patient with 
 Physical 
 Infection]",WAR-ON,Health Assistant,HA,NONSPECIALIST,FULLY_AUTOMATED,1200000
"WARD NO 3 
 [Serving ACUTE 
 Mental 
 Patients]",WAR-TS,Assistance Nursing Officer,ANO,NONSPECIALIST,FULLY_AUTOMATED,1200000
"WARD NO 3 
 [Serving ACUTE 
 Mental 
 Patients]",WAR-TS,Health Assistant,HA,NONSPECIALIST,FULLY_AUTOMATED,1200000
"WARD NO 6 
 [General mental
  Inpatient",WAR-ENT,Assistance Nursing Officer,ANO,NONSPECIALIST,FULLY_AUTOMATED,1200000
"WARD NO 6 
 [General mental
  Inpatient",WAR-ENT,Health Assistant,HA,NONSPECIALIST,FULLY_AUTOMATED,1200000
"WARD NO 7 
 [General mental 
 Inpatient]",WAR-NT,Assistance Nursing Officer,ANO,NONSPECIALIST,FULLY_AUTOMATED,1200000
"WARD NO 7 
 [General mental 
 Inpatient]",WAR-NT,Health Assistant,HA,NONSPECIALIST,FULLY_AUTOMATED,1200000
"WARD NO 8 
 [General 
 Physical 
 Inpatient]",WAR-NT,Nursing Officer,NO,NONSPECIALIST,FULLY_AUTOMATED,1200000
"WARD NO 8 
 [General 
 Physical 
 Inpatient]",WAR-NT,Assistance Nursing Officer,ANO,NONSPECIALIST,FULLY_AUTOMATED,1200000
"WARD NO 13 
 [Acute mental 
 inpatient]",WAR-NT,Assistance Nursing Officer,ANO,NONSPECIALIST,FULLY_AUTOMATED,1200000
"WARD NO 13 
 [Acute mental 
 inpatient]",WAR-NT,Health Assistant,HA,NONSPECIALIST,FULLY_AUTOMATED,1200000
"WARD NO 14 
 [Grade One and 
 two Physical 
 Inpatient]",WAR-NT,Assistance Nursing Officer,ANO,NONSPECIALIST,FULLY_AUTOMATED,1200000
"WARD NO 14 
 [Grade One and 
 two Physical 
 Inpatient]",WAR-NT,Health Assistant,HA,NONSPECIALIST,FULLY_AUTOMATED,1200000
"WARD NO 15 
 [General 
 Physical 
 Inpatient]",WAR-NT,Assistance Nursing Officer,ANO,NONSPECIALIST,FULLY_AUTOMATED,1200000
"WARD NO 15 
 [General 
 Physical 
 Inpatient]",WAR-NT,Health Assistant,HA,NONSPECIALIST,FULLY_AUTOMATED,1200000
"WARD NO 16 
 [General 
 Psychiatric 
 Inpatient]",WAR-NT,Nursing Officer,NO,NONSPECIALIST,FULLY_AUTOMATED,1200000
"WARD NO 16 
 [General 
 Psychiatric 
 Inpatient]",WAR-NT,Assistance Nursing Officer,ANO,NONSPECIALIST,FULLY_AUTOMATED,1200000
"WARD NO 16 
 [General 
 Psychiatric 
 Inpatient]",WAR-NT,Health Assistant,HA,NONSPECIALIST,FULLY_AUTOMATED,1200000
"WARD NO 18 
 [General 
 Psychiatric 
 Inpatient]",WAR-NT,Assistance Nursing Officer,ANO,NONSPECIALIST,FULLY_AUTOMATED,1200000
"WARD NO 18 
 [General 
 Psychiatric 
 Inpatient]",WAR-NT,Health Assistant,HA,NONSPECIALIST,FULLY_AUTOMATED,1200000
"WARD NO 20 
 [General 
 Psychiatric 
 Inpatient]",WAR-NT,Nursing Officer,NO,NONSPECIALIST,FULLY_AUTOMATED,1200000
"WARD NO 20 
 [General 
 Psychiatric 
 Inpatient]",WAR-NT,Assistance Nursing Officer,ANO,NONSPECIALIST,FULLY_AUTOMATED,1200000
"WARD NO 20 
 [General 
 Psychiatric 
 Inpatient]",WAR-NT,Health Assistant,HA,NONSPECIALIST,FULLY_AUTOMATED,1200000
"WARD NO 21
  [General 
 Psychiatric 
 Inpatient]",WAR-NT,Nursing Officer,NO,NONSPECIALIST,FULLY_AUTOMATED,1200000
"WARD NO 21
  [General 
 Psychiatric 
 Inpatient]",WAR-NT,Assistance Nursing Officer,ANO,NONSPECIALIST,FULLY_AUTOMATED,1200000
"WARD NO 21
  [General 
 Psychiatric 
 Inpatient]",WAR-NT,Health Assistant,HA,NONSPECIALIST,FULLY_AUTOMATED,1200000
"WARD NO 22 
 [General 
 Psychiatric 
 Inpatient]",WAR-NT,Assistance Nursing Officer,ANO,NONSPECIALIST,FULLY_AUTOMATED,1200000
"WARD NO 22 
 [General 
 Psychiatric 
 Inpatient]",WAR-NT,Health Assistant,HA,NONSPECIALIST,FULLY_AUTOMATED,1200000
"WARD NO 4 
 [Grade one and 
 two physical 
 Inpatient]",WAR-NT,Nursing Officer,NO,NONSPECIALIST,FULLY_AUTOMATED,1200000
"WARD NO 4 
 [Grade one and 
 two physical 
 Inpatient]",WAR-NT,Assistance Nursing Officer,ANO,NONSPECIALIST,FULLY_AUTOMATED,1200000
"WARD NO 4 
 [Grade one and 
 two physical 
 Inpatient]",WAR-NT,Health Assistant,HA,NONSPECIALIST,FULLY_AUTOMATED,1200000
"WARD NO 19 
 [General 
 Psychiatry, 
 under 
 construction]",WAR-ON,Nursing Officer,NO,NONSPECIALIST,FULLY_AUTOMATED,1200000
"WARD NO 19 
 [General 
 Psychiatry, 
 under 
 construction]",WAR-ON,Assistance Nursing Officer,ANO,NONSPECIALIST,FULLY_AUTOMATED,1200000
"WARD NO 19 
 [General 
 Psychiatry, 
 under 
 construction]",WAR-ON,Health Assistant,HA,NONSPECIALIST,FULLY_AUTOMATED,1200000
Isanga Unit A,ISA-T A,Forensic Psychiatrist,FPSY,NONSPECIALIST,FULLY_AUTOMATED,1200000
Isanga Unit A,ISA-T A,Medical Officer,MO,NONSPECIALIST,FULLY_AUTOMATED,1200000
Isanga Unit A,ISA-T A,Nursing Officer,NO,NONSPECIALIST,FULLY_AUTOMATED,1200000
Isanga Unit A,ISA-T A,Assistance Nursing Officer,ANO,NONSPECIALIST,FULLY_AUTOMATED,1200000
Isanga Unit A,ISA-T A,Health Assistant,HA,NONSPECIALIST,FULLY_AUTOMATED,1200000
Isanga Unit B,ISA-T B,Nursing Officer,NO,NONSPECIALIST,FULLY_AUTOMATED,1200000
Isanga Unit B,ISA-T B,Assistance Nursing Officer,ANO,NONSPECIALIST,FULLY_AUTOMATED,1200000
Isanga Unit B,ISA-T B,Health Assistant,HA,NONSPECIALIST,FULLY_AUTOMATED,1200000
Isanga Unit C,ISA-T C,Nursing Officer,NO,NONSPECIALIST,FULLY_AUTOMATED,1200000
Isanga Unit C,ISA-T C,Assistance Nursing Officer,ANO,NONSPECIALIST,FULLY_AUTOMATED,1200000
Isanga Unit C,ISA-T C,Health Assistant,HA,NONSPECIALIST,FULLY_AUTOMATED,1200000
Isanga Unit D,ISA-T D,Nursing Officer,NO,NONSPECIALIST,FULLY_AUTOMATED,1200000
Isanga Unit D,ISA-T D,Assistance Nursing Officer,ANO,NONSPECIALIST,FULLY_AUTOMATED,1200000
Isanga Unit D,ISA-T D,Health Assistant,HA,NONSPECIALIST,FULLY_AUTOMATED,1200000
Itega Ward 1,ITE-D 1,Addiction specialist,ADDS,SPECIALIST,FULLY_AUTOMATED,1200000
Itega Ward 1,ITE-D 1,Psychologist,PSYCO,NONSPECIALIST,FULLY_AUTOMATED,1200000
Itega Ward 1,ITE-D 1,Medical Officer,MO,NONSPECIALIST,FULLY_AUTOMATED,1200000
Itega Ward 1,ITE-D 1,Nursing Officer,NO,NONSPECIALIST,FULLY_AUTOMATED,1200000
Itega Ward 1,ITE-D 1,Assistance Nursing Officer,ANO,NONSPECIALIST,FULLY_AUTOMATED,1200000
Itega Ward 1,ITE-D 1,Health Assistant,HA,NONSPECIALIST,FULLY_AUTOMATED,1200000
Itega Ward 2,ITE-D 2,Assistance Nursing Officer,ANO,NONSPECIALIST,FULLY_AUTOMATED,1200000
Itega Ward 2,ITE-D 2,Health Assistant,HA,NONSPECIALIST,FULLY_AUTOMATED,1200000
Itega Ward 3,ITE-D 3,Assistance Nursing Officer,ANO,NONSPECIALIST,FULLY_AUTOMATED,1200000
Itega Ward 3,ITE-D 3,Health Assistant,HA,NONSPECIALIST,FULLY_AUTOMATED,1200000
Haematology and Blood Transfusion,HAE-ION,Laboratory scientist,LABSCN,NONSPECIALIST,FULLY_AUTOMATED,1200000
Haematology and Blood Transfusion,HAE-ION,Laboratory Technologist,LABTECH,NONSPECIALIST,FULLY_AUTOMATED,1200000
Haematology and Blood Transfusion,HAE-ION,Assistant Laboratory Technologist,ALABTECH,NONSPECIALIST,FULLY_AUTOMATED,1200000
Haematology and Blood Transfusion,HAE-ION,Health Assistant,HA,NONSPECIALIST,FULLY_AUTOMATED,1200000
Pharmacy,PH,Pharmacist,PH,NONSPECIALIST,FULLY_AUTOMATED,1200000
Pharmacy,PH,Pharmaceutical Technologist,PCT,NONSPECIALIST,FULLY_AUTOMATED,1200000
Pharmacy,PH,Assistant Pharmaceutical Technologist,APTECH,NONSPECIALIST,FULLY_AUTOMATED,1200000
Academic Research and Consultancy,ACA-NCY,"Director Academic, Research and Cosultancy",DARC,NONSPECIALIST,FULLY_AUTOMATED,1200000
Academic Research and Consultancy,ACA-NCY,"Oncologist Academic, Research and Cosultancy",ONCOARC,NONSPECIALIST,FULLY_AUTOMATED,1200000
Cancer Registration,CAN-ION,Health Records Technician,HRTECHN,NONSPECIALIST,FULLY_AUTOMATED,1200000
Cancer Screening,CAN-ING,Medical Attendant,MA,NONSPECIALIST,USER_ASSISTED,1200000
Cancer Screening,CAN-ING,Medical Officer,MO,NONSPECIALIST,FULLY_AUTOMATED,1200000
Cancer Screening,CAN-ING,Nursing Officer,NO,NONSPECIALIST,FULLY_AUTOMATED,1200000
Health Insurance Clinic,HEA-NIC,Medical Officer,MO,NONSPECIALIST,FULLY_AUTOMATED,1200000
Health Insurance Clinic,HEA-NIC,Specialist Oncologist,SONCO,SPECIALIST,FULLY_AUTOMATED,1200000
Nulear Medicine,NUL-INE,Nuclear Medicine Physician,NMP,NONSPECIALIST,FULLY_AUTOMATED,1200000
Nulear Medicine,NUL-INE,Nuclear Medicine Physicist,NMPHYST,NONSPECIALIST,FULLY_AUTOMATED,1200000
Nulear Medicine,NUL-INE,Nuclear Medicine technologist,NMT,NONSPECIALIST,FULLY_AUTOMATED,1200000
Nulear Medicine,NUL-INE,Nuclear Medicine Pharmicist,NMPHARM,NONSPECIALIST,FULLY_AUTOMATED,1200000
Nulear Medicine,NUL-INE,Assistant Nursing Officer,ANO,NONSPECIALIST,FULLY_AUTOMATED,1200000
Nulear Medicine,NUL-INE,Radiologist Nuclear Medicine,RANM,NONSPECIALIST,FULLY_AUTOMATED,1200000
Pharmacy,PH,Pharmaceutical Technician,PHARMTECHN,NONSPECIALIST,FULLY_AUTOMATED,1200000
Pharmacy,PH,Pharmacist,PH,NONSPECIALIST,FULLY_AUTOMATED,1200000
RADIOLOGY AND IMAGING SECTION,RAD-ION,Medical Attendant,MA,NONSPECIALIST,USER_ASSISTED,1200000
RADIOLOGY AND IMAGING SECTION,RAD-ION,Specialist Radiologist,SRAD,SPECIALIST,FULLY_AUTOMATED,1200000
RADIOLOGY AND IMAGING SECTION,RAD-ION,Dark Room Technician,DRTECHN,NONSPECIALIST,FULLY_AUTOMATED,1200000
RADIOLOGY AND IMAGING SECTION,RAD-ION,Radiographer,Rad,NONSPECIALIST,FULLY_AUTOMATED,1200000
RADIOTHERAPY SECTION,RAD-ION,Medical Attendant,MA,NONSPECIALIST,USER_ASSISTED,1200000
RADIOTHERAPY SECTION,RAD-ION,Nursing Officer,NO,NONSPECIALIST,FULLY_AUTOMATED,1200000
RADIOTHERAPY SECTION,RAD-ION,Radiotherapy Clerk,RADCLK,NONSPECIALIST,FULLY_AUTOMATED,1200000
RADIOTHERAPY SECTION,RAD-ION,Dosimetrist,DOSST,NONSPECIALIST,FULLY_AUTOMATED,1200000
RADIOTHERAPY SECTION,RAD-ION,Mould Room Technologist,MRTECH,NONSPECIALIST,FULLY_AUTOMATED,1200000
RADIOTHERAPY SECTION,RAD-ION,Radiation Therapist,RADTHER,NONSPECIALIST,FULLY_AUTOMATED,1200000
MANAGEMENT,MGMT,Executive Director,EXDR,NONSPECIALIST,FULLY_AUTOMATED,1200000
MANAGEMENT,MGMT,Human Resources Management Officer,HRMO,NONSPECIALIST,FULLY_AUTOMATED,1200000
MANAGEMENT,MGMT,Office Management Secretary,OMSEC,NONSPECIALIST,FULLY_AUTOMATED,1200000
MANAGEMENT,MGMT,Personal Secretary,PS,NONSPECIALIST,USER_ASSISTED,1200000
MANAGEMENT,MGMT,Office attendant,OFFATT,NONSPECIALIST,FULLY_AUTOMATED,1200000
General Maintenance,GEN-NCE,Technician,TECH,NONSPECIALIST,USER_ASSISTED,1200000
General Maintenance,GEN-NCE,Artisan,ART,NONSPECIALIST,USER_ASSISTED,1200000
Transport,TR,Drivers,DR,NONSPECIALIST,USER_ASSISTED,1200000
Catering Services,CAT-CES,Catering Officer,CATO,NONSPECIALIST,USER_ASSISTED,1200000
Catering Services,CAT-CES,Cook,COK,NONSPECIALIST,USER_ASSISTED,1200000
Catering Services,CAT-CES,Nutritionist,NUST,NONSPECIALIST,FULLY_AUTOMATED,1200000
Catering Services,CAT-CES,Kitchen attendant,KA,NONSPECIALIST,USER_ASSISTED,1200000
Social welfare services,SOC-CES,Social Welfare officer,SWO,NONSPECIALIST,USER_ASSISTED,1200000
Library services,LIB-CES,Assistant Librarian,LIBASS,NONSPECIALIST,FULLY_AUTOMATED,1200000
Library services,LIB-CES,Librarian Attendant,LIBATT,NONSPECIALIST,FULLY_AUTOMATED,1200000
Internal Audit,INT-DIT,Chief Internal auditor,CIAUD,NONSPECIALIST,FULLY_AUTOMATED,1200000
Internal Audit,INT-DIT,Internal Auditor,IA,NONSPECIALIST,USER_ASSISTED,1200000
Procurement And supplies,PRS,Procurement & Supplies officer,PSO,NONSPECIALIST,USER_ASSISTED,1200000
Procurement And supplies,PRS,Procurement and Supplies Assistant,PROCSA,NONSPECIALIST,FULLY_AUTOMATED,1200000
Finance and Accounting,FIN-ING,Chief Accountant,CACC,NONSPECIALIST,FULLY_AUTOMATED,1200000
Finance and Accounting,FIN-ING,Accountant,AC,NONSPECIALIST,USER_ASSISTED,1200000
Finance and Accounting,FIN-ING,Accounts Assistant,ACCA,NONSPECIALIST,FULLY_AUTOMATED,1200000
Information And Technology,INF-OGY,ICT Officer,ICTO,NONSPECIALIST,USER_ASSISTED,1200000
Information And Technology,INF-OGY,ICT Technician,IT,NONSPECIALIST,USER_ASSISTED,1200000
Planning,PLA-ING,Planning officer,PO,NONSPECIALIST,USER_ASSISTED,1200000
Customer care Unit,CUS-NIT,Public Relation Officer,PRO,NONSPECIALIST,USER_ASSISTED,1200000
Registry,REG-TRY,Medical Record,MRECORD,NONSPECIALIST,FULLY_AUTOMATED,1200000
"Casualty and 
 Emergency 
 Services",CAS-CES,Medical Officer,MO,NONSPECIALIST,FULLY_AUTOMATED,1200000
"Casualty and 
 Emergency 
 Services",CAS-CES,Nursing Officer,NO,NONSPECIALIST,FULLY_AUTOMATED,1200000
"Casualty and 
 Emergency 
 Services",CAS-CES,Assistance Nursing Officer,ANO,NONSPECIALIST,FULLY_AUTOMATED,1200000
"Casualty and 
 Emergency 
 Services",CAS-CES,Medical Attendant,MA,NONSPECIALIST,USER_ASSISTED,1200000
General Oncology Clinic,GEN-NIC,Radiation Oncologist,RONCO,NONSPECIALIST,FULLY_AUTOMATED,1200000
General Oncology Clinic,GEN-NIC,Specialist Medical Oncologist,SMONCO,SPECIALIST,FULLY_AUTOMATED,1200000
General Oncology Clinic,GEN-NIC,Paediatric Oncologist,PAEONCO,NONSPECIALIST,FULLY_AUTOMATED,1200000
General Oncology Clinic,GEN-NIC,Gynecologist,GYN,NONSPECIALIST,FULLY_AUTOMATED,1200000
General Oncology Clinic,GEN-NIC,Surgical Oncologist,SURGONCO,NONSPECIALIST,FULLY_AUTOMATED,1200000
General Oncology Clinic,GEN-NIC,Medical Officer,MO,NONSPECIALIST,FULLY_AUTOMATED,1200000
General Oncology Clinic,GEN-NIC,Nursing Officer,NO,NONSPECIALIST,FULLY_AUTOMATED,1200000
General Oncology Clinic,GEN-NIC,Assistance Nursing Officer,ANO,NONSPECIALIST,FULLY_AUTOMATED,1200000
General Oncology Clinic,GEN-NIC,Medical Attendant,MA,NONSPECIALIST,USER_ASSISTED,1200000
"Care and 
 Treatment 
 Clinic (CTC)",CAR-TC,Physician,PHYSN,NONSPECIALIST,FULLY_AUTOMATED,1200000
"Care and 
 Treatment 
 Clinic (CTC)",CAR-TC,Medical Officer,MO,NONSPECIALIST,FULLY_AUTOMATED,1200000
"Care and 
 Treatment 
 Clinic (CTC)",CAR-TC,Nursing Officer,NO,NONSPECIALIST,FULLY_AUTOMATED,1200000
"Care and 
 Treatment 
 Clinic (CTC)",CAR-TC,Assistance Nursing Officer,ANO,NONSPECIALIST,FULLY_AUTOMATED,1200000
Care and Treatment Clinic (CTC),CAR-TC,Medical Record,MRECORD,NONSPECIALIST,FULLY_AUTOMATED,1200000
Palliative care,PAL-ARE,Physician,PHYSN,NONSPECIALIST,FULLY_AUTOMATED,1200000
Palliative care,PAL-ARE,Nursing Officer,NO,NONSPECIALIST,FULLY_AUTOMATED,1200000
Palliative care,PAL-ARE,Assistance Nursing Officer,ANO,NONSPECIALIST,FULLY_AUTOMATED,1200000
Palliative care,PAL-ARE,Physiotherapist,PHY,NONSPECIALIST,USER_ASSISTED,1200000
Palliative care,PAL-ARE,Social welfare officer,SWO,NONSPECIALIST,USER_ASSISTED,1200000
Ward 1 Medical Oncology,WAR-OGY,Nursing Officer,NO,NONSPECIALIST,FULLY_AUTOMATED,1200000
Ward 1 Medical Oncology,WAR-OGY,Assistance Nursing Officer,ANO,NONSPECIALIST,FULLY_AUTOMATED,1200000
Ward 1 Medical Oncology,WAR-OGY,Medical Attendant,MA,NONSPECIALIST,USER_ASSISTED,1200000
Ward 3 - Pediatric Oncology,WAR-OGY,Nursing Officer,NO,NONSPECIALIST,FULLY_AUTOMATED,1200000
Ward 3 - Pediatric Oncology,WAR-OGY,Assistance Nursing Officer,ANO,NONSPECIALIST,FULLY_AUTOMATED,1200000
Ward 3 - Pediatric Oncology,WAR-OGY,Medical Attendant,MA,NONSPECIALIST,USER_ASSISTED,1200000
Ward 4 - General Oncology,WAR-OGY,Nursing Officer,NO,NONSPECIALIST,FULLY_AUTOMATED,1200000
Ward 4 - General Oncology,WAR-OGY,Assistance Nursing Officer,ANO,NONSPECIALIST,FULLY_AUTOMATED,1200000
Ward 4 - General Oncology,WAR-OGY,Medical Attendant,MA,NONSPECIALIST,USER_ASSISTED,1200000
Ward 5  1st floor Surgical Oncology Ward,WAR-ARD,Nursing Officer,NO,NONSPECIALIST,FULLY_AUTOMATED,1200000
Ward 5  1st floor Surgical Oncology Ward,WAR-ARD,Assistance Nursing Officer,ANO,NONSPECIALIST,FULLY_AUTOMATED,1200000
Ward 5  1st floor Surgical Oncology Ward,WAR-ARD,Medical Attendant,MA,NONSPECIALIST,USER_ASSISTED,1200000
Ward 5  2nd floor Surgical Oncology Ward,WAR-ARD,Nursing Officer,NO,NONSPECIALIST,FULLY_AUTOMATED,1200000
Ward 5  2nd floor Surgical Oncology Ward,WAR-ARD,Assistance Nursing Officer,ANO,NONSPECIALIST,FULLY_AUTOMATED,1200000
Ward 5  2nd floor Surgical Oncology Ward,WAR-ARD,Medical Attendant,MA,NONSPECIALIST,USER_ASSISTED,1200000
Theatre,TH,Nursing Officer,NO,NONSPECIALIST,FULLY_AUTOMATED,1200000
Theatre,TH,Assistance Nursing Officer,ANO,NONSPECIALIST,FULLY_AUTOMATED,1200000
Theatre,TH,Medical Attendant,MA,NONSPECIALIST,USER_ASSISTED,1200000
Theatre,TH,Anaesthetist,ANAEST,NONSPECIALIST,FULLY_AUTOMATED,1200000
ICU,ICU,Anaesthetist,ANAEST,NONSPECIALIST,FULLY_AUTOMATED,1200000
ICU,ICU,Medical Officer,MO,NONSPECIALIST,FULLY_AUTOMATED,1200000
ICU,ICU,Nursing Officer,NO,NONSPECIALIST,FULLY_AUTOMATED,1200000
ICU,ICU,Assistance Nursing Officer,ANO,NONSPECIALIST,FULLY_AUTOMATED,1200000
ICU,ICU,Medical Attendant,MA,NONSPECIALIST,USER_ASSISTED,1200000
Pathology and Cytology,PAT-OGY,Pathologist,PAT,NONSPECIALIST,USER_ASSISTED,1200000
Pathology and Cytology,PAT-OGY,Laboratory Technologist,LABTECH,NONSPECIALIST,FULLY_AUTOMATED,1200000
Pathology and Cytology,PAT-OGY,Medical Attendant,MA,NONSPECIALIST,USER_ASSISTED,1200000
Clinical Chemistry,CLI-TRY,Laboratory Scientist,LABSCN,NONSPECIALIST,FULLY_AUTOMATED,1200000
Clinical Chemistry,CLI-TRY,Laboratory Technologist,LABTECH,NONSPECIALIST,FULLY_AUTOMATED,1200000
Clinical Chemistry,CLI-TRY,Medical Attendant,MA,NONSPECIALIST,USER_ASSISTED,1200000
Haematology and Blood Transfusion,HAE-ION,Super Specialist Haematologist,SSHAEM,SPECIALIST,FULLY_AUTOMATED,1200000
Haematology and Blood Transfusion,HAE-ION,Laboratory Scientist,LABSCN,NONSPECIALIST,FULLY_AUTOMATED,1200000
Haematology and Blood Transfusion,HAE-ION,Laboratory Technologist,LABTECH,NONSPECIALIST,FULLY_AUTOMATED,1200000
Haematology and Blood Transfusion,HAE-ION,Medical Attendant,MA,NONSPECIALIST,USER_ASSISTED,1200000
Parasitology and Entomology,PAR-OGY,Laboratory technologist,LABTECH,NONSPECIALIST,FULLY_AUTOMATED,1200000
Parasitology and Entomology,PAR-OGY,Laboratory Scientist,LABSCN,NONSPECIALIST,FULLY_AUTOMATED,1200000
Microbiology and Immunology,MIC-OGY,Specialist Microbiologist,SMICRO,SPECIALIST,FULLY_AUTOMATED,1200000
Microbiology and Immunology,MIC-OGY,Laboratory scientist,LABSCN,NONSPECIALIST,FULLY_AUTOMATED,1200000
Microbiology and Immunology,MIC-OGY,Laboratory Technologist,LABTECH,NONSPECIALIST,FULLY_AUTOMATED,1200000
Mortuary,MO,Mortuary Attendant,MORTATT,NONSPECIALIST,FULLY_AUTOMATED,1200000
Environmental Health,ENV-LTH,Environmental Health Officer,EHO,NONSPECIALIST,USER_ASSISTED,1200000
Engineering,ENG-ING,Bio-medical Engineer,BIOME,NONSPECIALIST,FULLY_AUTOMATED,1200000
Research,RES-RCH,Specialist Public Health,SPH,SPECIALIST,FULLY_AUTOMATED,1200000
Research,RES-RCH,Social Scientist,SSCST,NONSPECIALIST,FULLY_AUTOMATED,1200000
Research,RES-RCH,Epidemiologist,EPID,NONSPECIALIST,FULLY_AUTOMATED,1200000
Research,RES-RCH,Biostatistician,BSTAT,NONSPECIALIST,FULLY_AUTOMATED,1200000
Research,RES-RCH,Medical Record,MRECORD,NONSPECIALIST,FULLY_AUTOMATED,1200000
Monitoring and Evaluation,MON-ION,Specialist Epidemiologist & ME,SEPI-ME,SPECIALIST,FULLY_AUTOMATED,1200000